Country Name,Country Code,Indicator Name,Indicator Code,1960,1961,1962,1963,1964,1965,1966,1967,1968,1969,1970,1971,1972,1973,1974,1975,1976,1977,1978,1979,1980,1981,1982,1983,1984,1985,1986,1987,1988,1989,1990,1991,1992,1993,1994,1995,1996,1997,1998,1999,2000,2001,2002,2003,2004,2005,2006,2007,2008,2009,2010,2011,2012,2013,2014,2015,2016,2017,2018,
Aruba,ABW,"Government expenditure per student, primary (% of GDP per capita)",SE.XPD.PRIM.PC.ZS,,,,,,,,,,,,,,,,,,,,,,,,,,,,,,,,,,,,,,,,11.5910301208496,13.0628204345703,12.1941299438477,13.7849397659302,,11.4137401580811,12.2112998962402,,,,,,,17.9988708496094,17.270149230957,16.52121925354,,,,,
Afghanistan,AFG,"Government expenditure per student, primary (% of GDP per capita)",SE.XPD.PRIM.PC.ZS,,,,,,,,,,,,,,,,,,,,,,,,,,,,,,,,,,,,,,,,,,,,,,,,,,,9.72953987121582,10.0882902145386,7.11967992782593,9.20499992370605,9.60140991210938,8.29423046112061,,9.69583988189697,,
Angola,AGO,"Government expenditure per student, primary (% of GDP per capita)",SE.XPD.PRIM.PC.ZS,,,,,,,,,,,,,,,,,,,,,,,,,,,,,,,,,,,,,,,,,,,,,,,,,,,,,,,,,,,,
Albania,ALB,"Government expenditure per student, primary (% of GDP per capita)",SE.XPD.PRIM.PC.ZS,,,,,,,,,,,,,,,,,,,,,,,,,,,,,,,,,,,,,,,,,,,,,,,,,,,,,,,,29.8456802368164,,,,
Andorra,AND,"Government expenditure per student, primary (% of GDP per capita)",SE.XPD.PRIM.PC.ZS,,,,,,,,,,,,,,,,,,,,,,,,,,,,,,,,,,,,,,,,,,,7.78159999847412,,7.97077989578247,7.43948984146118,9.72858047485352,9.91763973236084,,15.706919670105,17.0841102600098,17.8004608154297,,15.5636100769043,13.0227403640747,13.4570903778076,12.7403297424316,12.7201595306396,,
Arab World,ARB,"Government expenditure per student, primary (% of GDP per capita)",SE.XPD.PRIM.PC.ZS,,,,,,,,,,,,,,,,,,,,,,,,,,,,,,,,,,,,,,,,,,,,,,,,,,,,,,,,,,,,
United Arab Emirates,ARE,"Government expenditure per student, primary (% of GDP per capita)",SE.XPD.PRIM.PC.ZS,,,,,,,,,,,,,,,,,,,,,,,,,,,,,,,,,,,,,,,6.09673976898193,,,,,,,,,,,,,,,,,,,,,
Argentina,ARG,"Government expenditure per student, primary (% of GDP per capita)",SE.XPD.PRIM.PC.ZS,,,,,,,,,,,,,,,,,,,,,,,,,,,,,,,,,,,,,,,11.0050897598267,12.4855003356934,12.3609600067139,13.8027296066284,10.7655096054077,10.499400138855,9.88177967071533,10.4218502044678,11.5965003967285,12.7118101119995,13.7351598739624,14.8021802902222,13.6881198883057,14.2368898391724,14.622540473938,14.4376602172852,14.465539932251,15.7077703475952,15.3856601715088,,,
Armenia,ARM,"Government expenditure per student, primary (% of GDP per capita)",SE.XPD.PRIM.PC.ZS,,,,,,,,,,,,,,,,,,,,,,,,,,,,,,,,,,,,,,,,,,,,,,,,,,,,,10.7776403427124,10.9654502868652,,10.961669921875,11.2277297973633,,,
American Samoa,ASM,"Government expenditure per student, primary (% of GDP per capita)",SE.XPD.PRIM.PC.ZS,,,,,,,,,,,,,,,,,,,,,,,,,,,,,,,,,,,,,,,,,,,,,,,,,,,,,,,,,,,,
Antigua and Barbuda,ATG,"Government expenditure per student, primary (% of GDP per capita)",SE.XPD.PRIM.PC.ZS,,,,,,,,,,,,,,,,,,,,,,,,,,,,,,,,,,,,,,,,,,,,,,,,,,8.69338035583496,,,,,,,,,,
Australia,AUS,"Government expenditure per student, primary (% of GDP per capita)",SE.XPD.PRIM.PC.ZS,,,,,,,,,,,,,,,,,,,,,,,,,,,,,,,,,,,,15.6862897872925,,,,,16.7535591125488,,,,,17.9400997161865,17.7449607849121,17.3091506958008,17.6737899780273,19.9490795135498,22.3723201751709,20.0033397674561,18.1803703308105,18.7001094818115,18.2950897216797,18.8469295501709,,,,
Austria,AUT,"Government expenditure per student, primary (% of GDP per capita)",SE.XPD.PRIM.PC.ZS,,,,,,,,,,,,,,,,,,,,,,,,,,,,,,,,,,,,,,,24.5156192779541,24.354419708252,22.4759292602539,22.4457702636719,22.8631591796875,22.6062297821045,22.0171909332275,22.612340927124,22.5859508514404,22.1688899993896,23.1576690673828,25.1291198730469,24.9017105102539,24.5821094512939,21.3455295562744,22.8599395751953,22.6011791229248,23.1886596679688,,,,
Azerbaijan,AZE,"Government expenditure per student, primary (% of GDP per capita)",SE.XPD.PRIM.PC.ZS,,,,,,,,,,,,,,,,,,,,,,,,,,,,,,,,,,,,,,,,,,,,,,,,,,,,,,,,,,,,
Burundi,BDI,"Government expenditure per student, primary (% of GDP per capita)",SE.XPD.PRIM.PC.ZS,,,,,,,,,,,,,,,,,,,,,,,,,,,,,,,,,,,,,,,,11.9839000701904,9.07707977294922,10.1646404266357,10.627329826355,,14.0692195892334,13.4052696228027,,,13.7779302597046,16.4289398193359,,13.11256980896,12.0490102767944,11.6486701965332,,,,,,
Belgium,BEL,"Government expenditure per student, primary (% of GDP per capita)",SE.XPD.PRIM.PC.ZS,,,,,,,,,,,,,,,,,,,,,,,,,,,,,,,,,,,,,,,,,,,,,,,,,,,,,,22.6240901947021,22.2184104919434,22.0710391998291,,,,
Benin,BEN,"Government expenditure per student, primary (% of GDP per capita)",SE.XPD.PRIM.PC.ZS,,,,,,,,,,,,,,,,,,,,,,,,,,,,,,,,,,,,,,,,,10.9277801513672,12.0069704055786,10.0823802947998,10.0067195892334,10.5472097396851,10.1073703765869,11.2851696014404,,11.5331497192383,12.377010345459,13.6695203781128,,10.7691602706909,10.5284700393677,9.60848999023438,9.1557502746582,,,,
Burkina Faso,BFA,"Government expenditure per student, primary (% of GDP per capita)",SE.XPD.PRIM.PC.ZS,,,,,,,,,,,,,,,,,,,,,,,,,,,,,,,,,,,,,,,,,,,,,,33.3232498168945,29.7581996917725,19.5628299713135,,,18.1139602661133,16.9350204467773,16.3653202056885,18.1788902282715,20.1982402801514,15.9679298400879,,,,
Bangladesh,BGD,"Government expenditure per student, primary (% of GDP per capita)",SE.XPD.PRIM.PC.ZS,,,,,,,,,,,,,,,,,,,,,,,,,,,,,,,,,,,,,,,,,,,,,,,7.82219982147217,8.92625045776367,8.42292976379395,7.68670988082886,,,,,,,,,,
Bulgaria,BGR,"Government expenditure per student, primary (% of GDP per capita)",SE.XPD.PRIM.PC.ZS,,,,,,,,,,,,,,,,,,,,,,,,,,,,,,,,,,,,,,,12.5262498855591,,,15.1659202575684,15.3740196228027,17.8265895843506,11.1806297302246,22.1991901397705,21.5606307983398,20.5555305480957,22.610050201416,22.5443992614746,20.9666004180908,18.3742694854736,18.2675590515137,22.3601608276367,,,,,,
Bahrain,BHR,"Government expenditure per student, primary (% of GDP per capita)",SE.XPD.PRIM.PC.ZS,,,,,,,,,,,,,,,,,,,,,,,,,,,,,,,,,,,,,,,,,,,,,,,,,,,,,,10.4805898666382,10.3231897354126,11.163649559021,,,,
"Bahamas, The",BHS,"Government expenditure per student, primary (% of GDP per capita)",SE.XPD.PRIM.PC.ZS,,,,,,,,,,,,,,,,,,,,,,,,,,,,,,,,,,,,,,,,,,,,,,,,,,,,,,,,,,,,
Bosnia and Herzegovina,BIH,"Government expenditure per student, primary (% of GDP per capita)",SE.XPD.PRIM.PC.ZS,,,,,,,,,,,,,,,,,,,,,,,,,,,,,,,,,,,,,,,,,,,,,,,,,,,,,,,,,,,,
Belarus,BLR,"Government expenditure per student, primary (% of GDP per capita)",SE.XPD.PRIM.PC.ZS,,,,,,,,,,,,,,,,,,,,,,,,,,,,,,,,,,,,,,,,,,,,,,,,,,,,,,,,,,,,
Belize,BLZ,"Government expenditure per student, primary (% of GDP per capita)",SE.XPD.PRIM.PC.ZS,,,,,,,,,,,,,,,,,,,,,,,,,,,,,,,,,,,,,,,,16.8761501312256,15.6772003173828,,,,12.4135704040527,13.6945495605469,14.0979099273682,,15.4490900039673,16.0617904663086,18.1808300018311,,14.9844398498535,15.9463796615601,16.2318897247314,14.9392204284668,16.0113391876221,16.0374202728271,,
Bermuda,BMU,"Government expenditure per student, primary (% of GDP per capita)",SE.XPD.PRIM.PC.ZS,,,,,,,,,,,,,,,,,,,,,,,,,,,,,,,,,,,,,,,,,,,,,9.4073600769043,10.9219598770142,,,,,11.9679899215698,,,,8.46154022216797,8.18712997436523,,,,
Bolivia,BOL,"Government expenditure per student, primary (% of GDP per capita)",SE.XPD.PRIM.PC.ZS,,,,,,,,,,,,,,,,,,,,,,,,,,,,,,,,,,,,,,,13.4510202407837,14.2606401443481,12.6403999328613,,15.7689599990845,16.5964508056641,,,13.6284503936768,,18.4102592468262,21.7358303070068,20.7914600372314,17.1480598449707,23.3655796051025,16.2775001525879,23.4822006225586,,,,,
Brazil,BRA,"Government expenditure per student, primary (% of GDP per capita)",SE.XPD.PRIM.PC.ZS,,,,,,,,,,,,,,,,,,,,,,,,,,,,,,,,,,,,,,,,10.6530199050903,10.5762996673584,10.3933696746826,9.83248996734619,,12.740309715271,15.260890007019,,17.0012702941895,18.2203598022461,19.7558708190918,20.6138000488281,20.2488098144531,19.6704502105713,19.7973899841309,19.5898208618164,20.2011394500732,,,,
Barbados,BRB,"Government expenditure per student, primary (% of GDP per capita)",SE.XPD.PRIM.PC.ZS,,,,,,,,,,,,,,,,,,,,,,,,,,,,,,,,,,,,,,,,10.4975204467773,14.0395202636719,19.3449802398682,17.7126998901367,19.3174896240234,19.6866703033447,19.0257396697998,,,22.6557006835938,,,,,,,,20.6711692810059,,,
Brunei Darussalam,BRN,"Government expenditure per student, primary (% of GDP per capita)",SE.XPD.PRIM.PC.ZS,,,,,,,,,,,,,,,,,,,,,,,,,,,,,,,,,,,,,,,,,,,,,,,,,,,5.01712989807129,,,,,,8.92988967895508,,,
Bhutan,BTN,"Government expenditure per student, primary (% of GDP per capita)",SE.XPD.PRIM.PC.ZS,,,,,,,,,,,,,,,,,,,,,,,,,,,,,,,,,,,,,,,,,,,,,8.24470043182373,10.3921098709106,,,7.37272977828979,9.11013031005859,7.90754985809326,9.66590023040771,,8.30552005767822,13.8391599655151,,,,,
Botswana,BWA,"Government expenditure per student, primary (% of GDP per capita)",SE.XPD.PRIM.PC.ZS,,,,,,,,,,,,,,,,,,,,,,,,,,,,,,,,,,,,,,,,,,,,,,17.8477802276611,,13.9044599533081,,10.2114295959473,,,,,,,,,,
Central African Republic,CAF,"Government expenditure per student, primary (% of GDP per capita)",SE.XPD.PRIM.PC.ZS,,,,,,,,,,,,,,,,,,,,,,,,,,,,,,,,,,,,,,,,,,,,,,,7.44688987731934,5.44146013259888,,4.57440996170044,4.48149013519287,,,,,,,,,
Canada,CAN,"Government expenditure per student, primary (% of GDP per capita)",SE.XPD.PRIM.PC.ZS,,,,,,,,,,,,,,,,,,,,,,,,,,,,,,,,,,,,,,,,,,,,,,,,,,,,,,,,17.615909576416,,,,
Central Europe and the Baltics,CEB,"Government expenditure per student, primary (% of GDP per capita)",SE.XPD.PRIM.PC.ZS,,,,,,,,,,,,,,,,,,,,,,,,,,,,,,,,,,,,,,,,,,18.2333202362061,19.6788806915283,17.8265895843506,14.67982006073,17.0925650596619,23.1920700073242,19.0461502075195,21.4180908203125,21.5642395019531,21.9861154556274,19.5619554519653,18.8779754638672,22.1834907531738,18.8675003051758,18.7017192840576,,,,
Switzerland,CHE,"Government expenditure per student, primary (% of GDP per capita)",SE.XPD.PRIM.PC.ZS,,,,,,,,,,,,,,,,,,,,,,,,,,,,,,,,,,,,,,,21.6270503997803,21.0105094909668,20.0472393035889,21.0132808685303,22.3829402923584,22.6879291534424,22.7043209075928,21.9168491363525,20.9952907562256,20.3626098632813,18.6379909515381,21.8294906616211,21.890510559082,23.3238391876221,26.9562397003174,26.8747901916504,26.4157791137695,24.5876197814941,24.7274799346924,,,
Channel Islands,CHI,"Government expenditure per student, primary (% of GDP per capita)",SE.XPD.PRIM.PC.ZS,,,,,,,,,,,,,,,,,,,,,,,,,,,,,,,,,,,,,,,,,,,,,,,,,,,,,,,,,,,,
Chile,CHL,"Government expenditure per student, primary (% of GDP per capita)",SE.XPD.PRIM.PC.ZS,,,,,,,,,,,,,,,,,,,,,,,,,,,,,,,,,,,,,,13.3079996109009,11.6215600967407,,13.7842798233032,,15.2840595245361,14.5418300628662,12.1593599319458,11.4519596099854,10.4430198669434,11.1911602020264,13.8840999603271,16.0746307373047,14.5134801864624,14.9471302032471,16.685079574585,15.6901597976685,14.0645999908447,15.0078601837158,18.0163402557373,,,
China,CHN,"Government expenditure per student, primary (% of GDP per capita)",SE.XPD.PRIM.PC.ZS,,,,,,,,,,,,,,,,,,,,,,,,,,,,,,,,,,,,,,,5.90241003036499,,,,,,,,,,,,,,,,,,,,,
Cote d'Ivoire,CIV,"Government expenditure per student, primary (% of GDP per capita)",SE.XPD.PRIM.PC.ZS,,,,,,,,,,,,,,,,,,,,,,,,,,,,,,,,,,,,,,15.7433099746704,14.3716096878052,14.5574703216553,13.2178897857666,12.8931303024292,,,,,16.2129402160645,16.3847904205322,15.3541898727417,14.7918701171875,,12.3894500732422,13.2695798873901,13.1976699829102,12.5770797729492,13.414529800415,,,,
Cameroon,CMR,"Government expenditure per student, primary (% of GDP per capita)",SE.XPD.PRIM.PC.ZS,,,,,,,,,,,,,,,,,,,,,,,,,,,,,,,,,,,,,,,,,,,,,,5.92261981964111,6.32523012161255,6.7059497833252,5.02018022537231,6.16688013076782,5.81802988052368,5.17852020263672,5.3474497795105,,,,,,,
"Congo, Dem. Rep.",COD,"Government expenditure per student, primary (% of GDP per capita)",SE.XPD.PRIM.PC.ZS,,,,,,,,,,,,,,,,,,,,,,,,,,,,,,,,,,,,,,,,,,,,,,,,,,,3.10257005691528,,,7.18875980377197,,,,,,
"Congo, Rep.",COG,"Government expenditure per student, primary (% of GDP per capita)",SE.XPD.PRIM.PC.ZS,,,,,,,,,,,,,,,,,,,,,,,,,,,,,,,,,,,,,,,,,,,7.3611798286438,,,3.11455988883972,,,,,11.9970598220825,,,,,,,,,
Colombia,COL,"Government expenditure per student, primary (% of GDP per capita)",SE.XPD.PRIM.PC.ZS,,,,,,,,,,,,,,,,,,,,,,,,,,,,,,,,,,,,,,,13.478099822998,15.4698696136475,12.1071195602417,13.2040300369263,,,16.0149593353271,15.4826498031616,,12.4644804000854,12.3898496627808,15.6267004013062,15.6549797058105,14.9525203704834,15.1571102142334,16.9695091247559,17.4728202819824,17.79541015625,17.7917900085449,18.0578002929688,,
Comoros,COM,"Government expenditure per student, primary (% of GDP per capita)",SE.XPD.PRIM.PC.ZS,,,,,,,,,,,,,,,,,,,,,,,,,,,,,,,,,,,,,,,9.16156005859375,,,,9.42129993438721,,,,,,28.1487808227539,,,16.7842903137207,,14.6209001541138,17.294059753418,,,,,
Cabo Verde,CPV,"Government expenditure per student, primary (% of GDP per capita)",SE.XPD.PRIM.PC.ZS,,,,,,,,,,,,,,,,,,,,,,,,,,,,,,,,,,,,,,,,,,,17.3724994659424,,,19.5429000854492,18.7659893035889,13.6932201385498,12.7303895950317,15.8134603500366,,15.9937000274658,,14.7443799972534,16.732629776001,16.8834590911865,17.5933799743652,17.1038494110107,,
Costa Rica,CRI,"Government expenditure per student, primary (% of GDP per capita)",SE.XPD.PRIM.PC.ZS,,,,,,,,,,,,,,,,,,,,,,,,,,,,,,,,,,,,,,,,17.2982902526855,15.5226802825928,15.0099496841431,16.3427696228027,,16.7530193328857,,14.4176998138428,14.7905302047729,16.1004199981689,21.053430557251,24.2722797393799,23.0414199829102,24.6090793609619,24.5713996887207,24.9436302185059,26.4952697753906,24.7289905548096,,,
Caribbean small states,CSS,"Government expenditure per student, primary (% of GDP per capita)",SE.XPD.PRIM.PC.ZS,,,,,,,,,,,,,,,,,,,,,,,,,,,,,,,,,,,,,,,,,10.4167499542236,11.362190246582,15.4536800384521,11.6071500778198,9.94379043579102,13.2095098495483,,13.1730694770813,13.1406502723694,16.7492852210999,22.044979095459,21.6199607849121,22.2445602416992,22.8212108612061,22.961519241333,21.6403694152832,21.1920108795166,22.9937496185303,,
Cuba,CUB,"Government expenditure per student, primary (% of GDP per capita)",SE.XPD.PRIM.PC.ZS,,,,,,,,,,,,,,,,,,,,,,,,,,,,,,,,,,,,,,,22.2802906036377,25.0879497528076,28.348819732666,28.9345302581787,37.3136291503906,,40.544361114502,40.3490905761719,33.7048988342285,45.7830581665039,46.4886016845703,43.5605888366699,49.5363807678223,,,,,,,,,
Curacao,CUW,"Government expenditure per student, primary (% of GDP per capita)",SE.XPD.PRIM.PC.ZS,,,,,,,,,,,,,,,,,,,,,,,,,,,,,,,,,,,,,,,,,,,,,,,,,,,,,,10.0795602798462,,,,,,
Cayman Islands,CYM,"Government expenditure per student, primary (% of GDP per capita)",SE.XPD.PRIM.PC.ZS,,,,,,,,,,,,,,,,,,,,,,,,,,,,,,,,,,,,,,,,,,,,,,12.8455896377563,12.8217601776123,,,,,,,,,,,,,
Cyprus,CYP,"Government expenditure per student, primary (% of GDP per capita)",SE.XPD.PRIM.PC.ZS,,,,,,,,,,,,,,,,,,,,,,,,,,,,,,,,,,,,,,,,15.7567100524902,14.6387701034546,17.292200088501,18.1109008789063,21.2558708190918,19.7283191680908,20.4006195068359,21.7661800384521,23.3652896881104,25.8704490661621,28.8867607116699,30.8800201416016,32.1670112609863,,31.5389308929443,32.1027793884277,32.1951713562012,,,,
Czech Republic,CZE,"Government expenditure per student, primary (% of GDP per capita)",SE.XPD.PRIM.PC.ZS,,,,,,,,,,,,,,,,,,,,,,,,,,,,,,,,,,,,,,,9.65775012969971,10.3750400543213,10.5587596893311,10.1833600997925,10.7901601791382,11.693169593811,11.6319198608398,11.4725503921509,12.3756904602051,11.9491996765137,12.4349603652954,15.0532703399658,14.8628797531128,15.4064903259277,15.7022800445557,15.3359298706055,15.1078100204468,14.9471797943115,,,,
Germany,DEU,"Government expenditure per student, primary (% of GDP per capita)",SE.XPD.PRIM.PC.ZS,,,,,,,,,,,,,,,,,,,,,,,,,,,,,,,,,,,,,,,16.4901008605957,,,,,,,,15.6047201156616,15.1313800811768,15.1008100509644,17.18869972229,17.6618194580078,17.0545196533203,17.3232707977295,17.5539608001709,17.7073802947998,17.5384197235107,,,,
Djibouti,DJI,"Government expenditure per student, primary (% of GDP per capita)",SE.XPD.PRIM.PC.ZS,,,,,,,,,,,,,,,,,,,,,,,,,,,,,,,,,,,,,,,41.8151817321777,,,,,,,,21.5534706115723,22.8302803039551,23.2976093292236,,,,,,,,37.8543701171875,,,
Dominica,DMA,"Government expenditure per student, primary (% of GDP per capita)",SE.XPD.PRIM.PC.ZS,,,,,,,,,,,,,,,,,,,,,,,,,,,,,,,,,,,,,,,,,,,,,,,,13.7185297012329,17.4758701324463,13.6522798538208,15.1373996734619,14.9809999465942,13.6596097946167,,,14.9882097244263,,,,
Denmark,DNK,"Government expenditure per student, primary (% of GDP per capita)",SE.XPD.PRIM.PC.ZS,,,,,,,,,,,,,,,,,,,,,,,,,,,,,,,,,,,,,,,26.3372192382813,24.0507698059082,23.6179008483887,24.8068199157715,23.9788608551025,,24.2081394195557,24.6131896972656,23.946870803833,23.8233394622803,24.1034603118896,27.9517593383789,27.8825206756592,21.6850204467773,25.6173706054688,25.377140045166,25.0524597167969,,,,,
Dominican Republic,DOM,"Government expenditure per student, primary (% of GDP per capita)",SE.XPD.PRIM.PC.ZS,,,,,,,,,,,,,,,,,,,,,,,,,,,,,,,,,,,,,,,,,,,7.58027982711792,,4.40558004379272,6.53287982940674,,8.42387008666992,6.84488010406494,6.86452007293701,7.20235013961792,7.01914978027344,8.84852027893066,13.6687297821045,14.2092304229736,14.1597700119019,16.0257205963135,14.9139995574951,,
Algeria,DZA,"Government expenditure per student, primary (% of GDP per capita)",SE.XPD.PRIM.PC.ZS,,,,,,,,,,,,,,,,,,,,,,,,,,,,,,,,,,,,,,,,12.2403001785278,9.94404983520508,,11.0361299514771,11.5248699188232,,,,,,,,,,,,,,,,
East Asia & Pacific (excluding high income),EAP,"Government expenditure per student, primary (% of GDP per capita)",SE.XPD.PRIM.PC.ZS,,,,,,,,,,,,,,,,,,,,,,,,,,,,,,,,,,,,,,,,,,,,,,,,,,14.1330699920654,12.3409996032715,14.9192600250244,10.9928002357483,12.4892950057984,,,,,,
Early-demographic dividend,EAR,"Government expenditure per student, primary (% of GDP per capita)",SE.XPD.PRIM.PC.ZS,,,,,,,,,,,,,,,,,,,,,,,,,,,,,,,,,,,,,,,,,,,,,,,,,,,,,,,,,,,,
East Asia & Pacific,EAS,"Government expenditure per student, primary (% of GDP per capita)",SE.XPD.PRIM.PC.ZS,,,,,,,,,,,,,,,,,,,,,,,,,,,,,,,,,,,,,,,,,,,,,,,,,,13.830864906311,12.3556447029114,,12.8471150398255,14.710880279541,,,,,,
Europe & Central Asia (excluding high income),ECA,"Government expenditure per student, primary (% of GDP per capita)",SE.XPD.PRIM.PC.ZS,,,,,,,,,,,,,,,,,,,,,,,,,,,,,,,,,,,,,,,,,,,,,,,,,,,,,,,,,,,,
Europe & Central Asia,ECS,"Government expenditure per student, primary (% of GDP per capita)",SE.XPD.PRIM.PC.ZS,,,,,,,,,,,,,,,,,,,,,,,,,,,,,,,,,,,,,,,,,,,,,,,,20.3626098632813,20.4073047637939,21.8294906616211,21.9861154556274,21.2365951538086,19.1391649246216,22.1279802322387,21.2079601287842,21.4260597229004,,,,
Ecuador,ECU,"Government expenditure per student, primary (% of GDP per capita)",SE.XPD.PRIM.PC.ZS,,,,,,,,,,,,,,,,,,,,,,,,,,,,,,,,,,,,,,,,3.8100700378418,2.84647011756897,,,,,,,,,11.049409866333,10.3122997283936,11.0214796066284,10.6763296127319,11.7320003509521,10.2733097076416,9.39231014251709,9.57666969299316,,,
"Egypt, Arab Rep.",EGY,"Government expenditure per student, primary (% of GDP per capita)",SE.XPD.PRIM.PC.ZS,,,,,,,,,,,,,,,,,,,,,,,,,,,,,,,,,,,,,,,,,,,,,,,,,,,,,,,,,,9.97459983825684,,
Euro area,EMU,"Government expenditure per student, primary (% of GDP per capita)",SE.XPD.PRIM.PC.ZS,,,,,,,,,,,,,,,,,,,,,,,,,,,,,,,,,,,,,,,17.0899753570557,18.2042045593262,18.3088350296021,18.5015354156495,20.3790254592896,18.1693496704102,18.6204252243042,18.7002296447754,18.1726455688476,19.0405197143555,18.9733695983887,21.2759399414063,21.5566501617432,20.8597497940063,19.7170000076294,21.3881797790527,21.137020111084,20.7648696899414,,,,
Eritrea,ERI,"Government expenditure per student, primary (% of GDP per capita)",SE.XPD.PRIM.PC.ZS,,,,,,,,,,,,,,,,,,,,,,,,,,,,,,,,,,,,,,,,,,12.5725297927856,10.0322704315186,,7.47411012649536,,,,,,,,,,,,,,,
Spain,ESP,"Government expenditure per student, primary (% of GDP per capita)",SE.XPD.PRIM.PC.ZS,,,,,,,,,,,,,,,,,,,,,,,,,,,,,,,,,,,,,,,16.9700908660889,17.7326793670654,17.2269401550293,17.5269298553467,17.7628593444824,18.1693496704102,18.5235996246338,18.7002296447754,19.0171909332275,19.0405197143555,20.0012893676758,21.2759399414063,21.0722999572754,20.9546203613281,18.2858009338379,17.6261291503906,17.333869934082,17.2945499420166,,,,
Estonia,EST,"Government expenditure per student, primary (% of GDP per capita)",SE.XPD.PRIM.PC.ZS,,,,,,,,,,,,,,,,,,,,,,,,,,,,,,,,,,,,,,18.1281204223633,17.2098598480225,21.0185203552246,,18.2333202362061,19.453950881958,19.0564403533936,18.7172508239746,19.1406402587891,,19.0461502075195,25.0566997528076,25.8216400146484,23.9558391571045,22.2820301055908,21.8953399658203,23.2240905761719,19.5034694671631,17.9109497070313,,,,
Ethiopia,ETH,"Government expenditure per student, primary (% of GDP per capita)",SE.XPD.PRIM.PC.ZS,,,,,,,,,,,,,,,,,,,,,,,,,,,,,,,,,,,,,,18.8938999176025,,,,,,,,,,,,9.06562042236328,7.92477989196777,8.89498996734619,5.78980016708374,,8.45818042755127,7.81844997406006,,,,
European Union,EUU,"Government expenditure per student, primary (% of GDP per capita)",SE.XPD.PRIM.PC.ZS,,,,,,,,,,,,,,,,,,,,,,,,,,,,,,,,,,,,,,,17.0899753570557,17.7326793670654,18.8993301391602,18.5015354156495,19.9038105010986,17.9979696273804,18.6204252243042,19.1406402587891,21.1613254547119,19.210599899292,20.8133201599121,21.5642395019531,21.9861154556274,20.8597497940063,19.0222301483154,22.2491397857666,21.1724901199341,20.7648696899414,,,,
Fragile and conflict affected situations,FCS,"Government expenditure per student, primary (% of GDP per capita)",SE.XPD.PRIM.PC.ZS,,,,,,,,,,,,,,,,,,,,,,,,,,,,,,,,,,,,,,,,,,,,,,,,,,,,,,,,,,,,
Finland,FIN,"Government expenditure per student, primary (% of GDP per capita)",SE.XPD.PRIM.PC.ZS,,,,,,,,,,,,,,,,,,,,,,,,,,,,,,,,,,,,,,,,16.815860748291,16.3201999664307,16.730110168457,17.2085094451904,17.7046203613281,17.7809295654297,17.218469619751,17.3281002044678,16.7914600372314,17.7035503387451,19.5186500549316,20.121410369873,20.2226791381836,,20.7192306518555,21.137020111084,22.0318698883057,,,,
Fiji,FJI,"Government expenditure per student, primary (% of GDP per capita)",SE.XPD.PRIM.PC.ZS,,,,,,,,,,,,,,,,,,,,,,,,,,,,,,,,,,,,,,,,,,,,,17.381160736084,,,,,,,15.8509302139282,,12.5540895462036,,,,,,
France,FRA,"Government expenditure per student, primary (% of GDP per capita)",SE.XPD.PRIM.PC.ZS,,,,,,,,,,,,,,,,,,,,,,,,,,,,,,,,,,,,,,,,17.4897499084473,,,,17.7436504364014,17.9522895812988,17.54541015625,17.2172603607178,17.8339405059814,17.5280990600586,17.9907207489014,18.1548690795898,17.9109897613525,17.4974594116211,17.7138500213623,17.6889400482178,17.5395793914795,,,,
Faroe Islands,FRO,"Government expenditure per student, primary (% of GDP per capita)",SE.XPD.PRIM.PC.ZS,,,,,,,,,,,,,,,,,,,,,,,,,,,,,,,,,,,,,,,,,,,,,,,,,,,,,,,,,,,,
"Micronesia, Fed. Sts.",FSM,"Government expenditure per student, primary (% of GDP per capita)",SE.XPD.PRIM.PC.ZS,,,,,,,,,,,,,,,,,,,,,,,,,,,,,,,,,,,,,,,,,,,,,,,,,,,,,,,,,,,,
Gabon,GAB,"Government expenditure per student, primary (% of GDP per capita)",SE.XPD.PRIM.PC.ZS,,,,,,,,,,,,,,,,,,,,,,,,,,,,,,,,,,,,,,,,,,,,,,,,,,,,4.75015020370483,,,,,,,,
United Kingdom,GBR,"Government expenditure per student, primary (% of GDP per capita)",SE.XPD.PRIM.PC.ZS,,,,,,,,,,,,,,,,,,,,,,,,,,,,,,,,,,,,,,,12.4989004135132,12.3451099395752,12.7484502792358,13.2688503265381,14.4507598876953,16.3398208618164,15.9175300598145,17.0471496582031,19.7666893005371,20.9470195770264,20.8133201599121,22.3439807891846,24.452600479126,24.792179107666,,23.2733306884766,23.6961002349854,25.0778408050537,25.7320404052734,,,
Georgia,GEO,"Government expenditure per student, primary (% of GDP per capita)",SE.XPD.PRIM.PC.ZS,,,,,,,,,,,,,,,,,,,,,,,,,,,,,,,,,,,,,,,,,,,,,,,,,13.6079301834106,,,11.4324502944946,9.06904029846191,,,,,,,
Ghana,GHA,"Government expenditure per student, primary (% of GDP per capita)",SE.XPD.PRIM.PC.ZS,,,,,,,,,,,,,,,,,,,,,,,,,,,,,,,,,,,,,,,,,,17.6557502746582,,,19.8767700195313,17.8789901733398,11.6344404220581,10.923810005188,11.3259296417236,10.6465501785278,,23.6015491485596,14.070460319519,8.55228996276855,7.92222023010254,,,,,
Gibraltar,GIB,"Government expenditure per student, primary (% of GDP per capita)",SE.XPD.PRIM.PC.ZS,,,,,,,,,,,,,,,,,,,,,,,,,,,,,,,,,,,,,,,,,,,,,,,,,,,,,,,,,,,,
Guinea,GIN,"Government expenditure per student, primary (% of GDP per capita)",SE.XPD.PRIM.PC.ZS,,,,,,,,,,,,,,,,,,,,,,,,,,,,,,,,,,,,,,,,,,,,,,,,,4.24857997894287,6.99136018753052,7.37158012390137,5.77223014831543,5.63305997848511,7.32097005844116,6.43377017974854,,7.1193699836731,,,
"Gambia, The",GMB,"Government expenditure per student, primary (% of GDP per capita)",SE.XPD.PRIM.PC.ZS,,,,,,,,,,,,,,,,,,,,,,,,,,,,,,,,,,,,,,,,,,4.67948007583618,5.85856008529663,5.11856985092163,4.32252979278564,4.92300987243652,5.51356983184814,5.77010011672974,15.5058498382568,13.5770101547241,20.0616397857666,11.090950012207,9.44756984710693,10.1150197982788,12.0386896133423,,,,,
Guinea-Bissau,GNB,"Government expenditure per student, primary (% of GDP per capita)",SE.XPD.PRIM.PC.ZS,,,,,,,,,,,,,,,,,,,,,,,,,,,,,,,,,,,,,,,,,,,,,,,,,,,2.78744006156921,,,,,,,,,
Equatorial Guinea,GNQ,"Government expenditure per student, primary (% of GDP per capita)",SE.XPD.PRIM.PC.ZS,,,,,,,,,,,,,,,,,,,,,,,,,,,,,,,,,,,,,,,,,,,,,,,,,,,,,,,,,,,,
Greece,GRC,"Government expenditure per student, primary (% of GDP per capita)",SE.XPD.PRIM.PC.ZS,,,,,,,,,,,,,,,,,,,,,,,,,,,,,,,,,,,,,,,,,,,,,,,,,,,,,,,,19.6548309326172,,,,
Grenada,GRD,"Government expenditure per student, primary (% of GDP per capita)",SE.XPD.PRIM.PC.ZS,,,,,,,,,,,,,,,,,,,,,,,,,,,,,,,,,,,,,,,,,,,,8.78847026824951,,,,,,,,,,,,,47.5111999511719,,,
Greenland,GRL,"Government expenditure per student, primary (% of GDP per capita)",SE.XPD.PRIM.PC.ZS,,,,,,,,,,,,,,,,,,,,,,,,,,,,,,,,,,,,,,,,,,,,,,,,,,,,,,,,,,,,
Guatemala,GTM,"Government expenditure per student, primary (% of GDP per capita)",SE.XPD.PRIM.PC.ZS,,,,,,,,,,,,,,,,,,,,,,,,,,,,,,,,,,,,,,,,,6.90485000610352,8.68612003326416,7.64169979095459,,5.57087993621826,5.94659996032715,11.1619997024536,10.5390901565552,10.6649799346924,,8.42825984954834,9.16792964935303,9.67144012451172,9.34994983673096,9.51957988739014,10.0650100708008,11.08314037323,11.367600440979,,
Guam,GUM,"Government expenditure per student, primary (% of GDP per capita)",SE.XPD.PRIM.PC.ZS,,,,,,,,,,,,,,,,,,,,,,,,,,,,,,,,,,,,,,,,,,,,,,,,,,,,,,,,,,,,
Guyana,GUY,"Government expenditure per student, primary (% of GDP per capita)",SE.XPD.PRIM.PC.ZS,,,,,,,,,,,,,,,,,,,,,,,,,,,,,,,,,,,,,,,,,,,,18.2942199707031,,,,8.71897983551025,,6.00189018249512,7.95417976379395,7.77670001983643,7.7502498626709,,,,,,,
High income,HIC,"Government expenditure per student, primary (% of GDP per capita)",SE.XPD.PRIM.PC.ZS,,,,,,,,,,,,,,,,,,,,,,,,,,,,,,,,,,,,,,,,,,17.7306299209595,17.7628593444824,17.7436504364014,18.5235996246338,17.9400997161865,17.7592601776123,17.8546504974365,18.2275505065918,19.9688892364502,21.9108705520629,20.4937791824341,19.8339347839355,20.7192306518555,19.7070245742798,19.8821105957031,,,,
"Hong Kong SAR, China",HKG,"Government expenditure per student, primary (% of GDP per capita)",SE.XPD.PRIM.PC.ZS,,,,,,,,,,,,,,,,,,,,,,,,,,,,,,,,,,,,,,,,,,12.1834802627563,12.6223096847534,13.8612699508667,14.9073095321655,14.3645896911621,13.5240201950073,12.2717695236206,12.3747301101685,13.4829196929932,14.6972703933716,14.7228298187256,14.1896696090698,14.710880279541,14.9165000915527,14.8510704040527,15.0240001678467,14.9444398880005,,
Honduras,HND,"Government expenditure per student, primary (% of GDP per capita)",SE.XPD.PRIM.PC.ZS,,,,,,,,,,,,,,,,,,,,,,,,,,,,,,,,,,,,,,,,,,,,,,,,,,,19.486629486084,,,21.0960006713867,,,,,,
Heavily indebted poor countries (HIPC),HPC,"Government expenditure per student, primary (% of GDP per capita)",SE.XPD.PRIM.PC.ZS,,,,,,,,,,,,,,,,,,,,,,,,,,,,,,,,,,,,,,,,,,,,,,,,,,,9.72953987121582,9.79473972320557,9.77132987976077,10.3176403045654,,,,,,
Croatia,HRV,"Government expenditure per student, primary (% of GDP per capita)",SE.XPD.PRIM.PC.ZS,,,,,,,,,,,,,,,,,,,,,,,,,,,,,,,,,,,,,,,,,,,,,,,,,,,,,,,,,,,,
Haiti,HTI,"Government expenditure per student, primary (% of GDP per capita)",SE.XPD.PRIM.PC.ZS,,,,,,,,,,,,,,,,,,,,,,,,,,,,,,,,,,,,,,,,,,,,,,,,,,,,,,,,,,,,
Hungary,HUN,"Government expenditure per student, primary (% of GDP per capita)",SE.XPD.PRIM.PC.ZS,,,,,,,,,,,,,,,,,,,,,,,,,,,,,,,,,,,,,,,17.6751899719238,17.5509700775146,18.8993301391602,19.5370101928711,19.9038105010986,21.3710803985596,22.8919200897217,25.0776996612549,25.0662803649902,24.7084903717041,21.4180908203125,21.5642395019531,21.9312305450439,19.1318607330322,18.7337207794189,22.0068206787109,14.5422697067261,18.7017192840576,,,,
IBRD only,IBD,"Government expenditure per student, primary (% of GDP per capita)",SE.XPD.PRIM.PC.ZS,,,,,,,,,,,,,,,,,,,,,,,,,,,,,,,,,,,,,,,,,,,,,,,,,13.7512302398682,,14.5608501434326,14.9331951141357,14.4226598739624,,,,,,,
IDA & IBRD total,IBT,"Government expenditure per student, primary (% of GDP per capita)",SE.XPD.PRIM.PC.ZS,,,,,,,,,,,,,,,,,,,,,,,,,,,,,,,,,,,,,,,,,,,,,,,,,,,11.9826803207397,11.5831952095031,11.5045604705811,,,,,,,
IDA total,IDA,"Government expenditure per student, primary (% of GDP per capita)",SE.XPD.PRIM.PC.ZS,,,,,,,,,,,,,,,,,,,,,,,,,,,,,,,,,,,,,,,,,,,,,,,,,,,,9.66847467422486,10.0159201622009,,,,,,,
IDA blend,IDB,"Government expenditure per student, primary (% of GDP per capita)",SE.XPD.PRIM.PC.ZS,,,,,,,,,,,,,,,,,,,,,,,,,,,,,,,,,,,,,,,,,,,,,,,,,,,,,10.2088952064514,,,,,,,
Indonesia,IDN,"Government expenditure per student, primary (% of GDP per capita)",SE.XPD.PRIM.PC.ZS,,,,,,,,,,,,,,,,,,,,,,,,,,,,,,,,,,,,,,,,,,,,,,,,11.5169200897217,11.3938302993774,13.5286598205566,9.99081039428711,,11.5045604705811,11.9385204315186,12.2792196273804,13.2699003219604,,,,
IDA only,IDX,"Government expenditure per student, primary (% of GDP per capita)",SE.XPD.PRIM.PC.ZS,,,,,,,,,,,,,,,,,,,,,,,,,,,,,,,,,,,,,,,,,,,,,,,,,,,7.92477989196777,9.66847467422486,9.77132987976077,10.1150197982788,,,,,,
Isle of Man,IMN,"Government expenditure per student, primary (% of GDP per capita)",SE.XPD.PRIM.PC.ZS,,,,,,,,,,,,,,,,,,,,,,,,,,,,,,,,,,,,,,,,,,,,,,,,,,,,,,,,,,,,
India,IND,"Government expenditure per student, primary (% of GDP per capita)",SE.XPD.PRIM.PC.ZS,,,,,,,,,,,,,,,,,,,,,,,,,,,,,,,,,,,,,,,,12.3085699081421,14.9904003143311,13.8702802658081,,11.4669599533081,,,,,,7.64379978179932,7.57037019729614,9.10943984985352,9.38488006591797,9.77070045471191,,,,,,
Not classified,INX,"Government expenditure per student, primary (% of GDP per capita)",SE.XPD.PRIM.PC.ZS,,,,,,,,,,,,,,,,,,,,,,,,,,,,,,,,,,,,,,,,,,,,,,,,,,,,,,,,,,,,
Ireland,IRL,"Government expenditure per student, primary (% of GDP per capita)",SE.XPD.PRIM.PC.ZS,,,,,,,,,,,,,,,,,,,,,,,,,,,,,,,,,,,,,,,11.2026300430298,10.7652997970581,10.79660987854,11.3908796310425,11.7744703292847,12.8336200714111,13.587140083313,13.9395303726196,14.2543601989746,15.2745704650879,18.0508098602295,19.9442195892334,19.2353000640869,18.6165199279785,18.4933300018311,16.6080799102783,15.3652000427246,11.8668003082275,,,,
"Iran, Islamic Rep.",IRN,"Government expenditure per student, primary (% of GDP per capita)",SE.XPD.PRIM.PC.ZS,,,,,,,,,,,,,,,,,,,,,,,,,,,,,,,,,,,,,,,,,,8.71469020843506,10.3924503326416,10.2123203277588,10.330470085144,10.2098503112793,14.2806997299194,16.1101493835449,13.7191600799561,12.487250328064,11.9826803207397,12.4540195465088,10.5748300552368,7.82533979415894,7.83842992782593,7.64530992507935,9.62588024139404,11.2172498703003,,
Iraq,IRQ,"Government expenditure per student, primary (% of GDP per capita)",SE.XPD.PRIM.PC.ZS,,,,,,,,,,,,,,,,,,,,,,,,,,,,,,,,,,,,,,,,,,,,,,,,,,,,,,,,,,,,
Iceland,ISL,"Government expenditure per student, primary (% of GDP per capita)",SE.XPD.PRIM.PC.ZS,,,,,,,,,,,,,,,,,,,,,,,,,,,,,,,,,,,,,,,,21.533130645752,21.6338996887207,20.9936008453369,24.4440097808838,23.4736804962158,23.6342391967773,25.0150394439697,25.4990005493164,25.0422897338867,25.5066509246826,25.4136505126953,24.9830303192139,25.6018905639648,24.0603199005127,24.0288600921631,24.7356204986572,23.3406505584717,,,,
Israel,ISR,"Government expenditure per student, primary (% of GDP per capita)",SE.XPD.PRIM.PC.ZS,,,,,,,,,,,,,,,,,,,,,,,,,,,,,,,,,,,,,,,,21.132360458374,20.1454296112061,21.8455696105957,22.4498405456543,21.7317905426025,20.9061794281006,20.7439308166504,20.586950302124,19.786060333252,19.9319305419922,19.9688892364502,21.554479598999,22.4143295288086,20.7455101013184,20.9019908905029,20.8068599700928,21.4409103393555,,,,
Italy,ITA,"Government expenditure per student, primary (% of GDP per capita)",SE.XPD.PRIM.PC.ZS,,,,,,,,,,,,,,,,,,,,,,,,,,,,,,,,,,,,,,,22.2049102783203,23.1131401062012,22.282169342041,22.7909202575684,23.4825191497803,24.0994701385498,23.6385307312012,21.8487606048584,23.6924991607666,21.4078407287598,23.0917205810547,23.9425792694092,22.8346500396729,21.5185699462891,20.4117698669434,21.3881797790527,21.2079601287842,21.7273502349854,,,,
Jamaica,JAM,"Government expenditure per student, primary (% of GDP per capita)",SE.XPD.PRIM.PC.ZS,,,,,,,,,,,,,,,,,,,,,,,,,,,,,,,,,,,,,,,,,,,,12.0249900817871,9.94379043579102,13.2095098495483,,17.7665691375732,15.9117202758789,18.3914108276367,22.044979095459,21.6199607849121,22.2445602416992,22.8212108612061,22.961519241333,21.6403694152832,21.1920108795166,22.9937496185303,,
Jordan,JOR,"Government expenditure per student, primary (% of GDP per capita)",SE.XPD.PRIM.PC.ZS,,,,,,,,,,,,,,,,,,,,,,,,,,,,,,,,,,,,,,,14.368860244751,14.6297101974487,,,14.4342203140259,16.4819507598877,15.2184896469116,16.3013896942139,13.7665004730225,13.7496404647827,13.8291797637939,,,15.0009698867798,,,,,14.7010698318481,13.2771596908569,,
Japan,JPN,"Government expenditure per student, primary (% of GDP per capita)",SE.XPD.PRIM.PC.ZS,,,,,,,,,,,,,,,,,,,,,,,,,,,,,,,,,,,,,,,,,,,,,,,,,,,,,,,,,,,,
Kazakhstan,KAZ,"Government expenditure per student, primary (% of GDP per capita)",SE.XPD.PRIM.PC.ZS,,,,,,,,,,,,,,,,,,,,,,,,,,,,,,,,,,,,,,,,,,,,,,,,,,,,,,,,,,0.270330011844635,,
Kenya,KEN,"Government expenditure per student, primary (% of GDP per capita)",SE.XPD.PRIM.PC.ZS,,,,,,,,,,,,,,,,,,,,,,,,,,,,,,,,,,,,,,,,,21.4633903503418,21.0174007415771,,23.3661193847656,24.3168201446533,,22.5373497009277,,,,,,9.9367504119873,,10.4706602096558,10.7925901412964,,,,
Kyrgyz Republic,KGZ,"Government expenditure per student, primary (% of GDP per capita)",SE.XPD.PRIM.PC.ZS,,,,,,,,,,,,,,,,,,,,,,,,,,,,,,,,,,,,,,,,,,,,,,,,,,,,,,,,,,,,
Cambodia,KHM,"Government expenditure per student, primary (% of GDP per capita)",SE.XPD.PRIM.PC.ZS,,,,,,,,,,,,,,,,,,,,,,,,,,,,,,,,,,,,,,,5.03748989105225,,5.60788011550903,6.53349018096924,5.11602020263672,,,,,,,5.00048017501831,4.82508993148804,4.86802005767822,5.17550992965698,5.48121976852417,5.32241010665894,,,,,
Kiribati,KIR,"Government expenditure per student, primary (% of GDP per capita)",SE.XPD.PRIM.PC.ZS,,,,,,,,,,,,,,,,,,,,,,,,,,,,,,,,,,,,,,,,27.0956497192383,25.28297996521,22.5194091796875,,,,,,,,,,,,,,,,,,
St. Kitts and Nevis,KNA,"Government expenditure per student, primary (% of GDP per capita)",SE.XPD.PRIM.PC.ZS,,,,,,,,,,,,,,,,,,,,,,,,,,,,,,,,,,,,,,,14.4367599487305,,,,,,,,,,,,,,,,,5.90056991577148,,,,
"Korea, Rep.",KOR,"Government expenditure per student, primary (% of GDP per capita)",SE.XPD.PRIM.PC.ZS,,,,,,,,,,,,,,,,,,,,,,,,,,,,,,,,,,,,,,,16.4412097930908,16.905309677124,,14.8937902450562,14.792329788208,16.6629791259766,17.0681705474854,16.504810333252,16.208740234375,15.9757204055786,18.2275505065918,,,,,,,30.3795795440674,,,,
Kuwait,KWT,"Government expenditure per student, primary (% of GDP per capita)",SE.XPD.PRIM.PC.ZS,,,,,,,,,,,,,,,,,,,,,,,,,,,,,,,,,,,,,,43.5302391052246,,,,17.9343299865723,17.4476699829102,16.9296493530273,14.2747297286987,10.2290096282959,8.59080028533936,,10.2309799194336,,,17.4642505645752,,,14.6712799072266,,,,,
Latin America & Caribbean (excluding high income),LAC,"Government expenditure per student, primary (% of GDP per capita)",SE.XPD.PRIM.PC.ZS,,,,,,,,,,,,,,,,,,,,,,,,,,,,,,,,,,,,,,,,11.5692601203918,11.3675050735473,11.5998497009277,10.7655096054077,,9.91278505325317,10.4218502044678,11.3792500495911,12.4644804000854,13.7431950569153,16.7675051689148,14.1481699943543,14.3109149932862,14.4226598739624,14.5875902175903,14.5668201446533,15.3055200576782,15.6980152130127,,,
Lao PDR,LAO,"Government expenditure per student, primary (% of GDP per capita)",SE.XPD.PRIM.PC.ZS,,,,,,,,,,,,,,,,,,,,,,,,,,,,,,,,,,,,,,5.76091003417969,,,,,8.20090961456299,,,9.75080966949463,,,,4.36399984359741,5.41570997238159,4.31839990615845,5.75851011276245,9.88535022735596,9.01634979248047,,,,,
Lebanon,LBN,"Government expenditure per student, primary (% of GDP per capita)",SE.XPD.PRIM.PC.ZS,,,,,,,,,,,,,,,,,,,,,,,,,,,,,,,,,,,,,,,,,,,,,,,,,,,,,,,,,,,,
Liberia,LBR,"Government expenditure per student, primary (% of GDP per capita)",SE.XPD.PRIM.PC.ZS,,,,,,,,,,,,,,,,,,,,,,,,,,,,,,,,,,,,,,,,,,,,,,,,,,,,,,,,,,,,
Libya,LBY,"Government expenditure per student, primary (% of GDP per capita)",SE.XPD.PRIM.PC.ZS,,,,,,,,,,,,,,,,,,,,,,,,,,,,,,,,,,,,,,,,,,,,,,,,,,,,,,,,,,,,
St. Lucia,LCA,"Government expenditure per student, primary (% of GDP per capita)",SE.XPD.PRIM.PC.ZS,,,,,,,,,,,,,,,,,,,,,,,,,,,,,,,,,,,,,,,,23.9825897216797,,,,13.1021995544434,13.19873046875,,,,,12.3359899520874,14.3437595367432,14.9168701171875,13.8300104141235,14.6951303482056,13.3293104171753,13.7209501266479,16.2150592803955,10.7893695831299,,
Latin America & Caribbean,LCN,"Government expenditure per student, primary (% of GDP per capita)",SE.XPD.PRIM.PC.ZS,,,,,,,,,,,,,,,,,,,,,,,,,,,,,,,,,,,,,,,,11.5692601203918,11.3675050735473,11.0147953033447,10.7655096054077,,9.88177967071533,10.4218502044678,10.8025097846985,11.5548601150513,13.7431950569153,15.8506655693055,14.5134801864624,14.3109149932862,14.5226001739502,15.6901597976685,14.5668201446533,15.0078601837158,,,,
Least developed countries: UN classification,LDC,"Government expenditure per student, primary (% of GDP per capita)",SE.XPD.PRIM.PC.ZS,,,,,,,,,,,,,,,,,,,,,,,,,,,,,,,,,,,,,,,,,,,,,,,,,,,7.78853988647461,8.89498996734619,8.38169980049133,9.88535022735596,,,,,,
Low income,LIC,"Government expenditure per student, primary (% of GDP per capita)",SE.XPD.PRIM.PC.ZS,,,,,,,,,,,,,,,,,,,,,,,,,,,,,,,,,,,,,,,,,,,,,,,,,,,7.78853988647461,9.34486484527588,9.77132987976077,10.2163300514221,,,,,,
Liechtenstein,LIE,"Government expenditure per student, primary (% of GDP per capita)",SE.XPD.PRIM.PC.ZS,,,,,,,,,,,,,,,,,,,,,,,,,,,,,,,,,,,,,,,,,,,,11.1414003372192,10.7743101119995,,9.95423984527588,9.24407958984375,10.4799203872681,,20.9209003448486,17.7745094299316,,,,,,,,
Sri Lanka,LKA,"Government expenditure per student, primary (% of GDP per capita)",SE.XPD.PRIM.PC.ZS,,,,,,,,,,,,,,,,,,,,,,,,,,,,,,,,,,,,,,,,,,,,,,,,,,7.21370983123779,4.90268993377686,4.76636981964111,4.03388977050781,4.34114980697632,6.32783985137939,7.36464023590088,11.3842096328735,10.116250038147,,
Lower middle income,LMC,"Government expenditure per student, primary (% of GDP per capita)",SE.XPD.PRIM.PC.ZS,,,,,,,,,,,,,,,,,,,,,,,,,,,,,,,,,,,,,,,,,,,,,,,,,,,,,11.5045604705811,,,,,,,
Low & middle income,LMY,"Government expenditure per student, primary (% of GDP per capita)",SE.XPD.PRIM.PC.ZS,,,,,,,,,,,,,,,,,,,,,,,,,,,,,,,,,,,,,,,,,,,,,,,,,,,11.8116750717163,11.4324502944946,11.4964199066162,,,,,,,
Lesotho,LSO,"Government expenditure per student, primary (% of GDP per capita)",SE.XPD.PRIM.PC.ZS,,,,,,,,,,,,,,,,,,,,,,,,,,,,,,,,,,,,,,20.1395301818848,,30.7496299743652,24.8882007598877,22.6781806945801,,,,23.5421905517578,20.8794708251953,,20.2688007354736,,,,,,,,,,21.6056098937988,
Late-demographic dividend,LTE,"Government expenditure per student, primary (% of GDP per capita)",SE.XPD.PRIM.PC.ZS,,,,,,,,,,,,,,,,,,,,,,,,,,,,,,,,,,,,,,,,,,,,,13.7728052139283,,,,17.4204902648926,18.321665763855,19.5429496765137,18.2492704391479,18.4933300018311,19.3281402587891,,19.0560445785523,,,,
Lithuania,LTU,"Government expenditure per student, primary (% of GDP per capita)",SE.XPD.PRIM.PC.ZS,,,,,,,,,,,,,,,,,,,,,,,,,,,,,,,,,,,,,,,,,,,,14.0621299743652,14.67982006073,15.0444898605347,15.408860206604,14.257209777832,16.2493000030518,17.6623497009277,22.0410003662109,19.9920501708984,19.0222301483154,18.588939666748,18.0774307250977,18.3222198486328,,,,
Luxembourg,LUX,"Government expenditure per student, primary (% of GDP per capita)",SE.XPD.PRIM.PC.ZS,,,,,,,,,,,,,,,,,,,,,,,,,,,,,,,,,,,,,,,,,,,,,,,,,15.3020896911621,,24.2598495483398,24.5555801391602,20.9531192779541,19.5711498260498,19.3873405456543,19.4918403625488,,,,
Latvia,LVA,"Government expenditure per student, primary (% of GDP per capita)",SE.XPD.PRIM.PC.ZS,,,,,,,,,,,,,,,,,,,,,,,,,,,,,,,,,,,,,,,17.9005508422852,18.8680305480957,19.3907299041748,18.7697505950928,21.3041000366211,19.2554397583008,19.3556709289551,,33.6385688781738,20.9594593048096,26.43922996521,29.1241397857666,25.2258396148682,24.0565395355225,32.3749389648438,36.0334014892578,26.0797996520996,26.4067897796631,,,,
"Macao SAR, China",MAC,"Government expenditure per student, primary (% of GDP per capita)",SE.XPD.PRIM.PC.ZS,,,,,,,,,,,,,,,,,,,,,,,,,,,,,,,,,,,,,,,,,7.50451993942261,,6.3808798789978,7.61520004272461,,,,,,,,,,,,,,,,
St. Martin (French part),MAF,"Government expenditure per student, primary (% of GDP per capita)",SE.XPD.PRIM.PC.ZS,,,,,,,,,,,,,,,,,,,,,,,,,,,,,,,,,,,,,,,,,,,,,,,,,,,,,,,,,,,,
Morocco,MAR,"Government expenditure per student, primary (% of GDP per capita)",SE.XPD.PRIM.PC.ZS,,,,,,,,,,,,,,,,,,,,,,,,,,,,,,,,,,,,,,,18.1143798828125,16.6547107696533,17.2908401489258,16.1468391418457,16.3677997589111,15.919810295105,15.9979095458984,19.5042400360107,16.699499130249,13.914529800415,15.6930599212646,16.7301998138428,17.9187602996826,18.0746002197266,18.9663200378418,19.5611991882324,,,,,,
Monaco,MCO,"Government expenditure per student, primary (% of GDP per capita)",SE.XPD.PRIM.PC.ZS,,,,,,,,,,,,,,,,,,,,,,,,,,,,,,,,,,,,,,3.02481007575989,3.28186988830566,3.23974990844727,3.15959000587463,,,,3.48324990272522,,,,,3.9776599407196,4.10385990142822,4.03006982803345,,,,,,,,
Moldova,MDA,"Government expenditure per student, primary (% of GDP per capita)",SE.XPD.PRIM.PC.ZS,,,,,,,,,,,,,,,,,,,,,,,,,,,,,,,,,,,,,,,,,,,,,,,,31.619909286499,33.639289855957,41.719108581543,41.4195098876953,41.2637214660645,38.8768501281738,,43.4987716674805,41.4143981933594,38.5342216491699,38.4290313720703,,
Madagascar,MDG,"Government expenditure per student, primary (% of GDP per capita)",SE.XPD.PRIM.PC.ZS,,,,,,,,,,,,,,,,,,,,,,,,,,,,,,,,,,,,,,,5.90267992019653,,,,,,,11.2395896911621,9.82750988006592,9.33508968353271,7.75504016876221,7.90263986587524,,6.61122989654541,6.56650018692017,,,,,,,
Maldives,MDV,"Government expenditure per student, primary (% of GDP per capita)",SE.XPD.PRIM.PC.ZS,,,,,,,,,,,,,,,,,,,,,,,,,,,,,,,,,,,,,,,,,,,,13.1619701385498,12.374119758606,14.9608402252197,13.9776201248169,,16.4964809417725,19.8880100250244,15.140040397644,14.3673496246338,15.0779104232788,15.4956302642822,14.2438802719116,17.638879776001,15.1202201843262,,,
Middle East & North Africa,MEA,"Government expenditure per student, primary (% of GDP per capita)",SE.XPD.PRIM.PC.ZS,,,,,,,,,,,,,,,,,,,,,,,,,,,,,,,,,,,,,,,,,,,14.4342203140259,,,,,,,,,,,,,,,,,
Mexico,MEX,"Government expenditure per student, primary (% of GDP per capita)",SE.XPD.PRIM.PC.ZS,,,,,,,,,,,,,,,,,,,,,,,,,,,,,,,,,,,,,,,8.03672981262207,9.73499011993408,11.098030090332,11.5998497009277,12.1555500030518,14.0724401473999,13.6001300811768,13.8026895523071,13.3532304763794,13.5266199111938,13.7512302398682,14.5438299179077,14.6082201004028,14.3849401473999,14.253210067749,14.5875902175903,14.6681003570557,14.9032697677612,,,,
Marshall Islands,MHL,"Government expenditure per student, primary (% of GDP per capita)",SE.XPD.PRIM.PC.ZS,,,,,,,,,,,,,,,,,,,,,,,,,,,,,,,,,,,,,,,,,,,23.4805297851563,,,,,,,,,,,,,,,,,
Middle income,MIC,"Government expenditure per student, primary (% of GDP per capita)",SE.XPD.PRIM.PC.ZS,,,,,,,,,,,,,,,,,,,,,,,,,,,,,,,,,,,,,,,,,,,,,,,,,,,,,13.2620601654053,,,,,,,
North Macedonia,MKD,"Government expenditure per student, primary (% of GDP per capita)",SE.XPD.PRIM.PC.ZS,,,,,,,,,,,,,,,,,,,,,,,,,,,,,,,,,,,,,,,,,,,,,,,,,,,,,,,,,,,,
Mali,MLI,"Government expenditure per student, primary (% of GDP per capita)",SE.XPD.PRIM.PC.ZS,,,,,,,,,,,,,,,,,,,,,,,,,,,,,,,,,,,,,,,14.2519798278809,11.0968904495239,,,,,,,,,10.3515701293945,12.9208602905273,6.14736986160278,9.79473972320557,10.0950899124146,10.3176403045654,12.2144899368286,13.2918300628662,9.28874969482422,,,
Malta,MLT,"Government expenditure per student, primary (% of GDP per capita)",SE.XPD.PRIM.PC.ZS,,,,,,,,,,,,,,,,,,,,,,,,,,,,,,,,,,,,,,,11.0196800231934,,,,11.8595504760742,,12.1575803756714,,,19.0563697814941,19.6895408630371,19.000659942627,23.1821708679199,19.9218292236328,26.3708896636963,28.5309600830078,27.231689453125,23.0822792053223,,,,
Myanmar,MMR,"Government expenditure per student, primary (% of GDP per capita)",SE.XPD.PRIM.PC.ZS,,,,,,,,,,,,,,,,,,,,,,,,,,,,,,,,,,,,,,,,,,,,,,,,,,,,,,,,,,7.60617017745972,,
Middle East & North Africa (excluding high income),MNA,"Government expenditure per student, primary (% of GDP per capita)",SE.XPD.PRIM.PC.ZS,,,,,,,,,,,,,,,,,,,,,,,,,,,,,,,,,,,,,,,,,,,13.6669750213623,,,,,,,,,,,,,,,,,
Montenegro,MNE,"Government expenditure per student, primary (% of GDP per capita)",SE.XPD.PRIM.PC.ZS,,,,,,,,,,,,,,,,,,,,,,,,,,,,,,,,,,,,,,,,,,,,,,,,,,,,,,,,,,,,
Mongolia,MNG,"Government expenditure per student, primary (% of GDP per capita)",SE.XPD.PRIM.PC.ZS,,,,,,,,,,,,,,,,,,,,,,,,,,,,,,,,,,,,,,,,,,,,,11.485520362854,,,13.5715703964233,,14.8794898986816,12.3702898025513,15.6851501464844,10.4810400009155,13.0400695800781,14.030590057373,13.0879001617432,16.2185001373291,12.8680000305176,,
Northern Mariana Islands,MNP,"Government expenditure per student, primary (% of GDP per capita)",SE.XPD.PRIM.PC.ZS,,,,,,,,,,,,,,,,,,,,,,,,,,,,,,,,,,,,,,,,,,,,,,,,,,,,,,,,,,,,
Mozambique,MOZ,"Government expenditure per student, primary (% of GDP per capita)",SE.XPD.PRIM.PC.ZS,,,,,,,,,,,,,,,,,,,,,,,,,,,,,,,,,,,,,,,,,,,,,,,12.7475299835205,,,,,,12.8690595626831,12.8219699859619,,,,,,
Mauritania,MRT,"Government expenditure per student, primary (% of GDP per capita)",SE.XPD.PRIM.PC.ZS,,,,,,,,,,,,,,,,,,,,,,,,,,,,,,,,,,,,,,10.2164402008057,,10.0651197433472,,,,,,8.66409015655518,,,10.8952398300171,,11.6406698226929,9.54220962524414,9.07759952545166,8.8031702041626,,9.92187023162842,10.5197496414185,,,
Mauritius,MUS,"Government expenditure per student, primary (% of GDP per capita)",SE.XPD.PRIM.PC.ZS,,,,,,,,,,,,,,,,,,,,,,,,,,,,,,,,,,,,,,,,,,9.30786037445068,8.58436965942383,13.0878496170044,12.8699102401733,11.2786102294922,10.1393299102783,,9.05856990814209,8.50586986541748,10.1957197189331,9.74477005004883,9.97863960266113,11.4596500396729,13.336540222168,12.5179500579834,14.0818195343018,15.7338895797729,,
Malawi,MWI,"Government expenditure per student, primary (% of GDP per capita)",SE.XPD.PRIM.PC.ZS,,,,,,,,,,,,,,,,,,,,,,,,,,,,,,,,,,,,,,,,13.5150499343872,11.3593502044678,8.15167999267578,,,,,,,,,5.10232019424438,5.81809997558594,,8.10519027709961,9.69015979766846,10.0074300765991,8.56229019165039,,,
Malaysia,MYS,"Government expenditure per student, primary (% of GDP per capita)",SE.XPD.PRIM.PC.ZS,,,,,,,,,,,,,,,,,,,,,,,,,,,,,,,,,,,,,,,,,12.4308595657349,16.2566394805908,19.206750869751,17.7442893981934,13.9584703445435,,10.0994501113892,10.7788400650024,12.9978199005127,14.1330699920654,12.3409996032715,14.9192600250244,17.3454704284668,16.127140045166,15.9866895675659,16.3302707672119,16.4040508270264,16.4174194335938,,
North America,NAC,"Government expenditure per student, primary (% of GDP per capita)",SE.XPD.PRIM.PC.ZS,,,,,,,,,,,,,,,,,,,,,,,,,,,,,,,,,,,,,,,,,,,,,,,,,,,22.0995903015137,20.8921794891357,20.5594501495361,19.7771301269531,19.9105796813965,18.7490100860595,,,,
Namibia,NAM,"Government expenditure per student, primary (% of GDP per capita)",SE.XPD.PRIM.PC.ZS,,,,,,,,,,,,,,,,,,,,,,,,,,,,,,,,,,,,,,,,19.770580291748,19.9253005981445,19.8194694519043,19.7541198730469,18.7141704559326,,13.6386499404907,18.4785194396973,,15.6761302947998,,17.5458106994629,,,,,,,,,
New Caledonia,NCL,"Government expenditure per student, primary (% of GDP per capita)",SE.XPD.PRIM.PC.ZS,,,,,,,,,,,,,,,,,,,,,,,,,,,,,,,,,,,,,,,,,,,,,,,,,,,,,,,,,,,,
Niger,NER,"Government expenditure per student, primary (% of GDP per capita)",SE.XPD.PRIM.PC.ZS,,,,,,,,,,,,,,,,,,,,,,,,,,,,,,,,,,,,,,,,,,,,25.7488193511963,,,8.40404987335205,15.3385200500488,13.6149702072144,29.2040195465088,21.6591701507568,21.1839694976807,17.6103706359863,19.8858795166016,28.8113498687744,22.0957107543945,16.0789699554443,13.0911998748779,,
Nigeria,NGA,"Government expenditure per student, primary (% of GDP per capita)",SE.XPD.PRIM.PC.ZS,,,,,,,,,,,,,,,,,,,,,,,,,,,,,,,,,,,,,,,,,,,,,,,,,,,,,,,,,,,,
Nicaragua,NIC,"Government expenditure per student, primary (% of GDP per capita)",SE.XPD.PRIM.PC.ZS,,,,,,,,,,,,,,,,,,,,,,,,,,,,,,,,,,,,,,,,,,,,,6.7526798248291,7.57166004180908,7.59745979309082,,,,11.0888795852661,,,,,,,,,
Netherlands,NLD,"Government expenditure per student, primary (% of GDP per capita)",SE.XPD.PRIM.PC.ZS,,,,,,,,,,,,,,,,,,,,,,,,,,,,,,,,,,,,,,,14.3158502578735,,,,,,,,,,,,,,,,,16.9853401184082,,,,
Norway,NOR,"Government expenditure per student, primary (% of GDP per capita)",SE.XPD.PRIM.PC.ZS,,,,,,,,,,,,,,,,,,,,,,,,,,,,,,,,,,,,,,37.9444313049316,21.3892803192139,,,,20.0278301239014,20.8497295379639,19.5836200714111,18.4954299926758,17.7592601776123,17.8546504974365,17.5761604309082,20.9180393218994,20.7241992950439,19.5799503326416,19.2560997009277,19.9386291503906,19.9308204650879,21.5078296661377,,,,
Nepal,NPL,"Government expenditure per student, primary (% of GDP per capita)",SE.XPD.PRIM.PC.ZS,,,,,,,,,,,,,,,,,,,,,,,,,,,,,,,,,,,,,,,,8.90157032012939,10.0935297012329,13.4525699615479,11.7052898406982,10.9973096847534,,,,,14.0820398330688,16.2596893310547,11.0382900238037,11.4298896789551,11.6563196182251,11.5004796981812,13.574990272522,13.0101404190063,,,,
Nauru,NRU,"Government expenditure per student, primary (% of GDP per capita)",SE.XPD.PRIM.PC.ZS,,,,,,,,,,,,,,,,,,,,,,,,,,,,,,,,,,,,,,,,,,,,,,,,,,,,,,,,,,,,
New Zealand,NZL,"Government expenditure per student, primary (% of GDP per capita)",SE.XPD.PRIM.PC.ZS,,,,,,,,,,,,,,,,,,,,,,,,,,,,,,,,,,,,,,17.4423503875732,,,,,,,,,,,,,,,,19.4138298034668,18.1749591827393,18.3304100036621,19.107629776001,,,
OECD members,OED,"Government expenditure per student, primary (% of GDP per capita)",SE.XPD.PRIM.PC.ZS,,,,,,,,,,,,,,,,,,,,,,,,,,,,,,,,,,,,,,,17.0899753570557,17.7326793670654,18.0631351470947,18.7697505950928,19.9658203125,18.6128950119019,18.7172508239746,18.4954299926758,18.3882255554199,19.0405197143555,18.6379909515381,21.0969896316529,21.9108705520629,20.8285293579101,19.2560997009277,20.7192306518555,19.9105796813965,19.7684707641601,,,,
Oman,OMN,"Government expenditure per student, primary (% of GDP per capita)",SE.XPD.PRIM.PC.ZS,,,,,,,,,,,,,,,,,,,,,,,,,,,,,,,,,,,,,,9.90985012054443,11.5424499511719,10.7111797332764,,11.0450096130371,14.9241695404053,,,14.3010101318359,,,,13.172269821167,,15.5570297241211,,,,,30.9737606048584,30.5788097381592,,
Other small states,OSS,"Government expenditure per student, primary (% of GDP per capita)",SE.XPD.PRIM.PC.ZS,,,,,,,,,,,,,,,,,,,,,,,,,,,,,,,,,,,,,,,,,,13.7705903053284,8.58436965942383,13.0878496170044,12.8699102401733,15.7432150840759,15.6166296005249,,15.6761302947998,,17.5458106994629,11.090950012207,,,13.336540222168,,,,,
Pakistan,PAK,"Government expenditure per student, primary (% of GDP per capita)",SE.XPD.PRIM.PC.ZS,,,,,,,,,,,,,,,,,,,,,,,,,,,,,,,,,,,,,,,,,,,,,,,,,,,,,,7.9879298210144,8.10212993621826,7.69288015365601,9.5640697479248,,,
Panama,PAN,"Government expenditure per student, primary (% of GDP per capita)",SE.XPD.PRIM.PC.ZS,,,,,,,,,,,,,,,,,,,,,,,,,,,,,,,,,,,,,,,,13.2648296356201,13.551420211792,10.3806400299072,10.0880298614502,,9.3963098526001,,,11.9185600280762,,,,6.25232982635498,,,,,,,,
Peru,PER,"Government expenditure per student, primary (% of GDP per capita)",SE.XPD.PRIM.PC.ZS,,,,,,,,,,,,,,,,,,,,,,,,,,,,,,,,,,,,,,,7.74103021621704,8.3612699508667,8.07213020324707,7.19920015335083,6.49298000335693,6.77369022369385,7.264319896698,6.83012008666992,7.4439902305603,7.61565017700195,8.62497043609619,9.70847988128662,8.92226982116699,8.38397979736328,9.2772798538208,11.2812900543213,12.5803604125977,12.9266700744629,11.8099603652954,11.8361597061157,,
Philippines,PHL,"Government expenditure per student, primary (% of GDP per capita)",SE.XPD.PRIM.PC.ZS,,,,,,,,,,,,,,,,,,,,,,,,,,,,,,,,,,,,,,12.4951696395874,,,12.0752696990967,11.211540222168,10.5536298751831,11.3382396697998,8.78157997131348,8.36781978607178,,8.72122955322266,9.04174041748047,,,,,,,,,,,
Palau,PLW,"Government expenditure per student, primary (% of GDP per capita)",SE.XPD.PRIM.PC.ZS,,,,,,,,,,,,,,,,,,,,,,,,,,,,,,,,,,,,,,,,,,,,,,,,,,,,,,,,,,,,
Papua New Guinea,PNG,"Government expenditure per student, primary (% of GDP per capita)",SE.XPD.PRIM.PC.ZS,,,,,,,,,,,,,,,,,,,,,,,,,,,,,,,,,,,,,,,,,,,,,,,,,,,,,,,,,,,,
Poland,POL,"Government expenditure per student, primary (% of GDP per capita)",SE.XPD.PRIM.PC.ZS,,,,,,,,,,,,,,,,,,,,,,,,,,,,,,,,,,,,,,,,,,,22.4031295776367,22.7937393188477,22.5699691772461,23.5390205383301,24.8235092163086,24.1140003204346,25.1195602416992,25.7535800933838,26.7738800048828,25.7086296081543,25.3828506469727,26.0558700561523,25.6285800933838,23.6464290618896,,,,
Pre-demographic dividend,PRE,"Government expenditure per student, primary (% of GDP per capita)",SE.XPD.PRIM.PC.ZS,,,,,,,,,,,,,,,,,,,,,,,,,,,,,,,,,,,,,,,,,,,,,,,,,,,8.5505599975586,9.54220962524414,9.69216012954712,10.2163300514221,,,,,,
Puerto Rico,PRI,"Government expenditure per student, primary (% of GDP per capita)",SE.XPD.PRIM.PC.ZS,,,,,,,,,,,,,,,,,,,,,,,,,,,,,,,,,,,,,,,,,,,,,,,,,,,,,,19.3281402587891,18.5402908325195,,,,,
"Korea, Dem. Peoples Rep.",PRK,"Government expenditure per student, primary (% of GDP per capita)",SE.XPD.PRIM.PC.ZS,,,,,,,,,,,,,,,,,,,,,,,,,,,,,,,,,,,,,,,,,,,,,,,,,,,,,,,,,,,,
Portugal,PRT,"Government expenditure per student, primary (% of GDP per capita)",SE.XPD.PRIM.PC.ZS,,,,,,,,,,,,,,,,,,,,,,,,,,,,,,,,,,,,,,,,18.6757297515869,19.6096496582031,20.9047393798828,22.031379699707,21.8402805328369,21.7847309112549,21.679349899292,20.762020111084,19.210599899292,18.9733695983887,21.3538703918457,21.0049495697021,20.7648792266846,20.8964900970459,23.8564891815186,23.8329105377197,22.5095691680908,,,,
Paraguay,PRY,"Government expenditure per student, primary (% of GDP per capita)",SE.XPD.PRIM.PC.ZS,,,,,,,,,,,,,,,,,,,,,,,,,,,,,,,,,,,,,,,,,11.6369800567627,10.6674003601074,10.061619758606,10.5486001968384,9.43546962738037,,,9.13807964324951,,,10.5100698471069,11.2347803115845,14.4226598739624,,,,15.0947198867798,,,
West Bank and Gaza,PSE,"Government expenditure per student, primary (% of GDP per capita)",SE.XPD.PRIM.PC.ZS,,,,,,,,,,,,,,,,,,,,,,,,,,,,,,,,,,,,,,,,,,,,,,,,,,,,,,,,,,,,
Pacific island small states,PSS,"Government expenditure per student, primary (% of GDP per capita)",SE.XPD.PRIM.PC.ZS,,,,,,,,,,,,,,,,,,,,,,,,,,,,,,,,,,,,,,,,,,,,,,,,,,,,,,,,,,,,
Post-demographic dividend,PST,"Government expenditure per student, primary (% of GDP per capita)",SE.XPD.PRIM.PC.ZS,,,,,,,,,,,,,,,,,,,,,,,,,,,,,,,,,,,,,,,,,,,20.0278301239014,,19.0536098480225,18.7002296447754,19.3919401168823,19.1255598068238,18.6379909515381,21.314905166626,21.9108705520629,20.7648792266846,19.2560997009277,21.3881797790527,20.533920288086,19.7684707641601,,,,
French Polynesia,PYF,"Government expenditure per student, primary (% of GDP per capita)",SE.XPD.PRIM.PC.ZS,,,,,,,,,,,,,,,,,,,,,,,,,,,,,,,,,,,,,,,,,,,,,,,,,,,,,,,,,,,,
Qatar,QAT,"Government expenditure per student, primary (% of GDP per capita)",SE.XPD.PRIM.PC.ZS,,,,,,,,,,,,,,,,,,,,,,,,,,,,,,,,,,,,,,,,,,,,,,,,,,9.88150978088379,,,,,,,,,,
Romania,ROU,"Government expenditure per student, primary (% of GDP per capita)",SE.XPD.PRIM.PC.ZS,,,,,,,,,,,,,,,,,,,,,,,,,,,,,,,,,,,,,,,,,,,,11.8538799285889,9.70792007446289,10.4584703445435,35.7776794433594,18.639310836792,18.4365901947021,17.6998805999756,13.7513103485107,11.7339401245117,11.0547895431519,10.5942697525024,9.02089977264404,8.65225982666016,,,,
Russian Federation,RUS,"Government expenditure per student, primary (% of GDP per capita)",SE.XPD.PRIM.PC.ZS,,,,,,,,,,,,,,,,,,,,,,,,,,,,,,,,,,,,,,,,,,,,,,,,,,,,,,,,,,,,
Rwanda,RWA,"Government expenditure per student, primary (% of GDP per capita)",SE.XPD.PRIM.PC.ZS,,,,,,,,,,,,,,,,,,,,,,,,,,,,,,,,,,,,,,,,,11.0600500106812,,,,,8.56984043121338,,8.62045955657959,7.54342985153198,,7.78853988647461,6.48216009140015,7.38246011734009,6.69265985488892,,5.67295980453491,5.59568023681641,,,
South Asia,SAS,"Government expenditure per student, primary (% of GDP per capita)",SE.XPD.PRIM.PC.ZS,,,,,,,,,,,,,,,,,,,,,,,,,,,,,,,,,,,,,,,,,,,,,,,,,,7.66525483131409,8.64995503425598,9.59886503219606,8.25227999687195,9.20499992370605,8.85176992416382,7.99355530738831,,,,
Saudi Arabia,SAU,"Government expenditure per student, primary (% of GDP per capita)",SE.XPD.PRIM.PC.ZS,,,,,,,,,,,,,,,,,,,,,,,,,,,,,,,,,,,,,,,,,,,,,,,,17.7089996337891,,,,,,,,,,,,
Sudan,SDN,"Government expenditure per student, primary (% of GDP per capita)",SE.XPD.PRIM.PC.ZS,,,,,,,,,,,,,,,,,,,,,,,,,,,,,,,,,,,,,,,,,,,,,,,,,,,,,,,,,,,,
Senegal,SEN,"Government expenditure per student, primary (% of GDP per capita)",SE.XPD.PRIM.PC.ZS,,,,,,,,,,,,,,,,,,,,,,,,,,,,,,,,,,,,,,,11.710729598999,,,,,,,16.7326202392578,16.9559898376465,,17.1034393310547,22.3544101715088,21.4080505371094,18.5696697235107,18.5856895446777,19.7226104736328,19.4765090942383,18.3894596099854,15.7194299697876,,,
Singapore,SGP,"Government expenditure per student, primary (% of GDP per capita)",SE.XPD.PRIM.PC.ZS,,,,,,,,,,,,,,,,,,,,,,,,,,,,,,,,,,,,,,,,,,,,,,,,,9.51725959777832,10.5855197906494,10.9616003036499,,,,,,,,,
Solomon Islands,SLB,"Government expenditure per student, primary (% of GDP per capita)",SE.XPD.PRIM.PC.ZS,,,,,,,,,,,,,,,,,,,,,,,,,,,,,,,,,,,,,,,,,,,,,,,,,,,,,,,,,,,,
Sierra Leone,SLE,"Government expenditure per student, primary (% of GDP per capita)",SE.XPD.PRIM.PC.ZS,,,,,,,,,,,,,,,,,,,,,,,,,,,,,,,,,,,,,,,,,,,,,,,,,,,,7.76400995254517,7.68580007553101,6.1920599937439,,,5.71326017379761,4.80435991287231,,
El Salvador,SLV,"Government expenditure per student, primary (% of GDP per capita)",SE.XPD.PRIM.PC.ZS,,,,,,,,,,,,,,,,,,,,,,,,,,,,,,,,,,,,,,,9.25496006011963,9.31093978881836,9.37780952453613,,11.4265098571777,10.5341196060181,,9.34609985351563,9.35414028167725,9.47774028778076,10.4136295318604,,11.3309001922607,,11.4964199066162,12.2759199142456,13.0820999145508,13.5626401901245,16.0103702545166,15.6743898391724,,
San Marino,SMR,"Government expenditure per student, primary (% of GDP per capita)",SE.XPD.PRIM.PC.ZS,,,,,,,,,,,,,,,,,,,,,,,,,,,,,,,,,,,,,,,,,,,,,,,,,,,14.4423904418945,16.0044193267822,,,,,,,,
Somalia,SOM,"Government expenditure per student, primary (% of GDP per capita)",SE.XPD.PRIM.PC.ZS,,,,,,,,,,,,,,,,,,,,,,,,,,,,,,,,,,,,,,,,,,,,,,,,,,,,,,,,,,,,
Serbia,SRB,"Government expenditure per student, primary (% of GDP per capita)",SE.XPD.PRIM.PC.ZS,,,,,,,,,,,,,,,,,,,,,,,,,,,,,,,,,,,,,,,,,,,,,,,,53.7924194335938,56.3939094543457,58.0667610168457,54.1572189331055,50.9526481628418,,,,46.5544700622559,,,,
Sub-Saharan Africa (excluding high income),SSA,"Government expenditure per student, primary (% of GDP per capita)",SE.XPD.PRIM.PC.ZS,,,,,,,,,,,,,,,,,,,,,,,,,,,,,,,,,,,,,,,,,,,,,,,,,,,10.1957197189331,9.64348983764648,10.0368647575379,,,,,,,
South Sudan,SSD,"Government expenditure per student, primary (% of GDP per capita)",SE.XPD.PRIM.PC.ZS,,,,,,,,,,,,,,,,,,,,,,,,,,,,,,,,,,,,,,,,,,,,,,,,,,,,3.7441999912262,,,,,5.07665014266968,,,
Sub-Saharan Africa,SSF,"Government expenditure per student, primary (% of GDP per capita)",SE.XPD.PRIM.PC.ZS,,,,,,,,,,,,,,,,,,,,,,,,,,,,,,,,,,,,,,,,,,,,,,,,,,,10.1957197189331,9.64348983764648,10.0368647575379,,,,,,,
Small states,SST,"Government expenditure per student, primary (% of GDP per capita)",SE.XPD.PRIM.PC.ZS,,,,,,,,,,,,,,,,,,,,,,,,,,,,,,,,,,,,,,,,,,11.362190246582,12.019024848938,12.0249900817871,11.7403202056885,13.6386499404907,,,15.6761302947998,14.3420848846436,18.8037252426148,13.8743247985839,,,16.2964601516724,,,,,
Sao Tome and Principe,STP,"Government expenditure per student, primary (% of GDP per capita)",SE.XPD.PRIM.PC.ZS,,,,,,,,,,,,,,,,,,,,,,,,,,,,,,,,,,,,,,,,,,,,,,,,,,,,,17.6255397796631,17.0476093292236,11.6030302047729,,,,,
Suriname,SUR,"Government expenditure per student, primary (% of GDP per capita)",SE.XPD.PRIM.PC.ZS,,,,,,,,,,,,,,,,,,,,,,,,,,,,,,,,,,,,,,,,,,,,,,,,,,,,,,,,,,,,
Slovak Republic,SVK,"Government expenditure per student, primary (% of GDP per capita)",SE.XPD.PRIM.PC.ZS,,,,,,,,,,,,,,,,,,,,,,,,,,,,,,,,,,,,,,24.3957805633545,,10.0145702362061,10.5480098724365,10.5203104019165,11.0380401611328,12.5474004745483,11.5998401641846,14.3010902404785,14.9194803237915,15.1852798461914,15.1824598312378,18.2519207000732,19.5429496765137,18.4239406585693,17.8641204833984,18.9480991363525,18.8675003051758,20.7648696899414,,,,
Slovenia,SVN,"Government expenditure per student, primary (% of GDP per capita)",SE.XPD.PRIM.PC.ZS,,,,,,,,,,,,,,,,,,,,,,,,,,,,,,,,,,,,,,,,,,25.6530208587646,27.4272994995117,,,,,,,,30.4008808135986,29.9925899505615,29.5221290588379,28.4023895263672,27.2463493347168,24.5265998840332,,,,
Sweden,SWE,"Government expenditure per student, primary (% of GDP per capita)",SE.XPD.PRIM.PC.ZS,,,,,,,,,,,,,,,,,,,,,,,,,,,,,,,,,,,,,,,22.3885898590088,21.3340702056885,21.7548198699951,20.6789302825928,22.2569103240967,21.8415908813477,23.5507202148438,23.601490020752,23.1251106262207,23.6899394989014,24.7980403900146,26.7724800109863,26.179759979248,25.7218799591064,22.0736408233643,22.2491397857666,21.9053401947021,21.3442897796631,,,,
Eswatini,SWZ,"Government expenditure per student, primary (% of GDP per capita)",SE.XPD.PRIM.PC.ZS,,,,,,,,,,,,,,,,,,,,,,,,,,,,,,,,,,,,,,,,8.29452991485596,9.55976963043213,7.7072901725769,8.46158027648926,9.54983043670654,10.6107301712036,12.962550163269,12.7547397613525,,10.8944702148438,,14.7269897460938,16.6576995849609,,,19.2563800811768,,,,,
Sint Maarten (Dutch part),SXM,"Government expenditure per student, primary (% of GDP per capita)",SE.XPD.PRIM.PC.ZS,,,,,,,,,,,,,,,,,,,,,,,,,,,,,,,,,,,,,,,,,,,,,,,,,,,,,,,,,,,,
Seychelles,SYC,"Government expenditure per student, primary (% of GDP per capita)",SE.XPD.PRIM.PC.ZS,,,,,,,,,,,,,,,,,,,,,,,,,,,,,,,,,,,,,,,8.61042022705078,,,,14.4642000198364,15.409330368042,,,,,,,,8.68978977203369,10.2706003189087,12.8517999649048,15.849630355835,,14.1980495452881,,,
Syrian Arab Republic,SYR,"Government expenditure per student, primary (% of GDP per capita)",SE.XPD.PRIM.PC.ZS,,,,,,,,,,,,,,,,,,,,,,,,,,,,,,,,,,,,,,8.94126033782959,9.85906028747559,11.1244497299194,12.5660400390625,,13.1766700744629,,,,,17.7253303527832,,17.4257907867432,,,18.6716995239258,,,,,,,
Turks and Caicos Islands,TCA,"Government expenditure per student, primary (% of GDP per capita)",SE.XPD.PRIM.PC.ZS,,,,,,,,,,,,,,,,,,,,,,,,,,,,,,,,,,,,,,,,,,,10.4697399139404,14.2025604248047,,10.6829204559326,,,,,,,,,,,,,,
Chad,TCD,"Government expenditure per student, primary (% of GDP per capita)",SE.XPD.PRIM.PC.ZS,,,,,,,,,,,,,,,,,,,,,,,,,,,,,,,,,,,,,,16.2430992126465,9.3539400100708,,,,,,5.5398998260498,6.1878399848938,,,,9.42621040344238,7.0417799949646,5.85065984725952,6.26078987121582,,,,,,,
East Asia & Pacific (IDA & IBRD countries),TEA,"Government expenditure per student, primary (% of GDP per capita)",SE.XPD.PRIM.PC.ZS,,,,,,,,,,,,,,,,,,,,,,,,,,,,,,,,,,,,,,,,,,,,,,,,,,14.1330699920654,12.3409996032715,14.9192600250244,10.9928002357483,12.4892950057984,10.6477847099304,,,,,
Europe & Central Asia (IDA & IBRD countries),TEC,"Government expenditure per student, primary (% of GDP per capita)",SE.XPD.PRIM.PC.ZS,,,,,,,,,,,,,,,,,,,,,,,,,,,,,,,,,,,,,,,,,,,,,,,,,,,,,,,,,,,,
Togo,TGO,"Government expenditure per student, primary (% of GDP per capita)",SE.XPD.PRIM.PC.ZS,,,,,,,,,,,,,,,,,,,,,,,,,,,,,,,,,,,,,,,9.37312030792236,8.02688026428223,11.9006900787354,11.1867799758911,10.850959777832,11.3854198455811,8.70977020263672,8.11602020263672,6.83724021911621,8.84397983551025,8.83238983154297,10.6785697937012,11.5524597167969,11.1278295516968,12.944580078125,13.6815900802612,14.7036895751953,17.6680297851563,16.4669494628906,,,
Thailand,THA,"Government expenditure per student, primary (% of GDP per capita)",SE.XPD.PRIM.PC.ZS,,,,,,,,,,,,,,,,,,,,,,,,,,,,,,,,,,,,,,14.3447999954224,12.7352600097656,,17.4728298187256,16.2991199493408,,,13.4005298614502,,,,18.9392890930176,22.1900005340576,18.3656692504883,32.4548683166504,27.5364093780518,23.3151206970215,,,,,,
Tajikistan,TJK,"Government expenditure per student, primary (% of GDP per capita)",SE.XPD.PRIM.PC.ZS,,,,,,,,,,,,,,,,,,,,,,,,,,,,,,,,,,,,,,,,,,,,,,,,,,,,,,,,,,,,
Turkmenistan,TKM,"Government expenditure per student, primary (% of GDP per capita)",SE.XPD.PRIM.PC.ZS,,,,,,,,,,,,,,,,,,,,,,,,,,,,,,,,,,,,,,,,,,,,,,,,,,,,,,,,,,,,
Latin America & the Caribbean (IDA & IBRD countries),TLA,"Government expenditure per student, primary (% of GDP per capita)",SE.XPD.PRIM.PC.ZS,,,,,,,,,,,,,,,,,,,,,,,,,,,,,,,,,,,,,,,,10.6530199050903,11.098030090332,10.6674003601074,10.426769733429,,9.65862464904785,9.88397502899172,10.4430198669434,11.1911602020264,13.7351598739624,15.6267004013062,14.1008000373841,14.3109149932862,14.5226001739502,15.1388750076294,14.465539932251,15.0078601837158,16.0103702545166,,,
Timor-Leste,TLS,"Government expenditure per student, primary (% of GDP per capita)",SE.XPD.PRIM.PC.ZS,,,,,,,,,,,,,,,,,,,,,,,,,,,,,,,,,,,,,,,,,,,,,,,,,,,,6.36619997024536,3.85594010353088,4.35363006591797,8.60746002197266,,,,,
Middle East & North Africa (IDA & IBRD countries),TMN,"Government expenditure per student, primary (% of GDP per capita)",SE.XPD.PRIM.PC.ZS,,,,,,,,,,,,,,,,,,,,,,,,,,,,,,,,,,,,,,,,,,,13.6669750213623,,,,,,,,,,,,,,,,,
Tonga,TON,"Government expenditure per student, primary (% of GDP per capita)",SE.XPD.PRIM.PC.ZS,,,,,,,,,,,,,,,,,,,,,,,,,,,,,,,,,,,,,,,9.24862003326416,,,,10.7941303253174,9.10925006866455,9.68640995025635,,,,,,,,,,,,,,,
South Asia (IDA & IBRD),TSA,"Government expenditure per student, primary (% of GDP per capita)",SE.XPD.PRIM.PC.ZS,,,,,,,,,,,,,,,,,,,,,,,,,,,,,,,,,,,,,,,,,,,,,,,,,,7.66525483131409,8.64995503425598,9.59886503219606,8.25227999687195,9.20499992370605,8.85176992416382,7.99355530738831,,,,
Sub-Saharan Africa (IDA & IBRD countries),TSS,"Government expenditure per student, primary (% of GDP per capita)",SE.XPD.PRIM.PC.ZS,,,,,,,,,,,,,,,,,,,,,,,,,,,,,,,,,,,,,,,,,,,,,,,,,,,10.1957197189331,9.64348983764648,10.0368647575379,,,,,,,
Trinidad and Tobago,TTO,"Government expenditure per student, primary (% of GDP per capita)",SE.XPD.PRIM.PC.ZS,,,,,,,,,,,,,,,,,,,,,,,,,,,,,,,,,,,,,,,,,10.4167499542236,11.362190246582,15.4536800384521,11.1893100738525,,,,8.57956981658936,10.3695802688599,15.107159614563,,,,,,,,,,
Tunisia,TUN,"Government expenditure per student, primary (% of GDP per capita)",SE.XPD.PRIM.PC.ZS,,,,,,,,,,,,,,,,,,,,,,,,,,,,,,,,,,,,,,14.8896703720093,,14.3971300125122,14.1746301651001,14.6415395736694,14.1572799682617,18.558219909668,19.3189907073975,18.864070892334,,,17.4204902648926,,,,,,,,,,,
Turkey,TUR,"Government expenditure per student, primary (% of GDP per capita)",SE.XPD.PRIM.PC.ZS,,,,,,,,,,,,,,,,,,,,,,,,,,,,,,,,,,,,,,,,,,,,,,,,,,,,,13.2620601654053,13.1795797348022,14.5718002319336,14.3401699066162,,,,
Tuvalu,TUV,"Government expenditure per student, primary (% of GDP per capita)",SE.XPD.PRIM.PC.ZS,,,,,,,,,,,,,,,,,,,,,,,,,,,,,,,,,,,,,,,,,,,,,,,,,,,,,,,,,,,,
Tanzania,TZA,"Government expenditure per student, primary (% of GDP per capita)",SE.XPD.PRIM.PC.ZS,,,,,,,,,,,,,,,,,,,,,,,,,,,,,,,,,,,,,,,,,,,,,14.6358404159546,12.7271404266357,8.28672027587891,9.43105983734131,9.11878967285156,8.43570995330811,,,,,10.2311897277832,,,,,
Uganda,UGA,"Government expenditure per student, primary (% of GDP per capita)",SE.XPD.PRIM.PC.ZS,,,,,,,,,,,,,,,,,,,,,,,,,,,,,,,,,,,,,,,,,,,,,10.5733098983765,,,,,,4.41904020309448,7.23309993743896,6.06629991531372,5.42563009262085,5.91045999526978,,,,,
Ukraine,UKR,"Government expenditure per student, primary (% of GDP per capita)",SE.XPD.PRIM.PC.ZS,,,,,,,,,,,,,,,,,,,,,,,,,,,,,,,,,,,,,,65.1010208129883,,,,,,,,,,,,,,28.1312999725342,32.3891487121582,32.3489608764648,27.0367393493652,,26.2771892547607,,,
Upper middle income,UMC,"Government expenditure per student, primary (% of GDP per capita)",SE.XPD.PRIM.PC.ZS,,,,,,,,,,,,,,,,,,,,,,,,,,,,,,,,,,,,,,,,,,,,,,,,,,,14.1797652244568,14.2368898391724,13.7576351165772,,,,,,,
Uruguay,URY,"Government expenditure per student, primary (% of GDP per capita)",SE.XPD.PRIM.PC.ZS,,,,,,,,,,,,,,,,,,,,,,,,,,,,,,,,,,,,,,,,7.15225982666016,7.25879001617432,9.63024044036865,6.9828200340271,5.85303020477295,7.36590003967285,8.34436988830566,8.56515026092529,,,,,,,,,,,,,
United States,USA,"Government expenditure per student, primary (% of GDP per capita)",SE.XPD.PRIM.PC.ZS,,,,,,,,,,,,,,,,,,,,,,,,,,,,,,,,,,,,,,,,,,,,,,,,,,,22.0995903015137,20.8921794891357,20.5594501495361,19.7771301269531,19.9105796813965,19.8821105957031,,,,
Uzbekistan,UZB,"Government expenditure per student, primary (% of GDP per capita)",SE.XPD.PRIM.PC.ZS,,,,,,,,,,,,,,,,,,,,,,,,,,,,,,,,,,,,,,,,,,,,,,,,,,,,,,,,,,,,
St. Vincent and the Grenadines,VCT,"Government expenditure per student, primary (% of GDP per capita)",SE.XPD.PRIM.PC.ZS,,,,,,,,,,,,,,,,,,,,,,,,,,,,,,,,,,,,,,,13.7313899993896,,21.6518592834473,,,19.709020614624,,15.8425197601318,,21.1704597473145,,17.4698295593262,15.9364795684814,17.6897506713867,,17.5000095367432,18.3916492462158,16.7473602294922,18.1009693145752,17.7556095123291,,
"Venezuela, RB",VEN,"Government expenditure per student, primary (% of GDP per capita)",SE.XPD.PRIM.PC.ZS,,,,,,,,,,,,,,,,,,,,,,,,,,,,,,,,,,,,,,,,,,,,,,,8.03370952606201,9.07575988769531,,17.9083099365234,,,,,,18.5491504669189,,,,
British Virgin Islands,VGB,"Government expenditure per student, primary (% of GDP per capita)",SE.XPD.PRIM.PC.ZS,,,,,,,,,,,,,,,,,,,,,,,,,,,,,,,,,,,,,,,,,,7.87932014465332,,,11.027850151062,10.5102796554565,10.4094295501709,9.2669095993042,,10.2915697097778,13.27184009552,,,,,9.08450984954834,,,,
Virgin Islands (U.S.),VIR,"Government expenditure per student, primary (% of GDP per capita)",SE.XPD.PRIM.PC.ZS,,,,,,,,,,,,,,,,,,,,,,,,,,,,,,,,,,,,,,,,,,,,,,,,,,,,,,,,,,,,
Vietnam,VNM,"Government expenditure per student, primary (% of GDP per capita)",SE.XPD.PRIM.PC.ZS,,,,,,,,,,,,,,,,,,,,,,,,,,,,,,,,,,,,,,,,,,,,,,,,,18.1174392700195,19.3443202972412,19.706579208374,17.6993999481201,21.0079307556152,21.3163394927979,,,,,,
Vanuatu,VUT,"Government expenditure per student, primary (% of GDP per capita)",SE.XPD.PRIM.PC.ZS,,,,,,,,,,,,,,,,,,,,,,,,,,,,,,,,,,,,,,,11.2643699645996,11.2350101470947,13.2712202072144,12.9353799819946,,,,,,,16.7632293701172,16.196590423584,,,,,,13.202919960022,,,,
World,WLD,"Government expenditure per student, primary (% of GDP per capita)",SE.XPD.PRIM.PC.ZS,,,,,,,,,,,,,,,,,,,,,,,,,,,,,,,,,,,,,,,,,,,,,,,,,,,16.5137147903442,15.6851501464844,14.622540473938,16.202320098877,,,,,,
Samoa,WSM,"Government expenditure per student, primary (% of GDP per capita)",SE.XPD.PRIM.PC.ZS,,,,,,,,,,,,,,,,,,,,,,,,,,,,,,,,,,,,,,,,8.11596012115479,7.20839977264404,8.6389102935791,10.5739297866821,,,,,,,,,,,,,,8.96716976165771,,,
Kosovo,XKX,"Government expenditure per student, primary (% of GDP per capita)",SE.XPD.PRIM.PC.ZS,,,,,,,,,,,,,,,,,,,,,,,,,,,,,,,,,,,,,,,,,,,,,,,,,,,,,,,,,,,,
"Yemen, Rep.",YEM,"Government expenditure per student, primary (% of GDP per capita)",SE.XPD.PRIM.PC.ZS,,,,,,,,,,,,,,,,,,,,,,,,,,,,,,,,,,,,,,,,,,,,,,,,,,,,18.3968505859375,,,,,,,,
South Africa,ZAF,"Government expenditure per student, primary (% of GDP per capita)",SE.XPD.PRIM.PC.ZS,,,,,,,,,,,,,,,,,,,,,,,,,,,,,,,,,,,,,,,,14.6640796661377,14.1979598999023,14.0253496170044,13.9943799972534,12.7769899368286,13.0766000747681,14.0936899185181,15.2715997695923,14.3106098175049,13.5226898193359,15.0360202789307,17.3724498748779,17.7318000793457,19.1050491333008,,17.8554592132568,,,17.6255702972412,,
Zambia,ZMB,"Government expenditure per student, primary (% of GDP per capita)",SE.XPD.PRIM.PC.ZS,,,,,,,,,,,,,,,,,,,,,,,,,,,,,,,,,,,,,,,,,6.49253988265991,,,,8.19777011871338,4.85831022262573,,,,,,,,,,,,,,
Zimbabwe,ZWE,"Government expenditure per student, primary (% of GDP per capita)",SE.XPD.PRIM.PC.ZS,,,,,,,,,,,,,,,,,,,,,,,,,,,,,,,,,,,,,,,,,,,,,,,,,,,,,18.8865795135498,19.5054206848145,,,,,,